title,start_time,end_time,description,exercise_title,superset_id,exercise_notes,set_index,set_type,weight_kg,reps,distance_km,duration_seconds,rpe,Type,date,year,month,week,volume,notable
LMU & Mace workout ðª,"8 Apr 2024, 16:18","8 Apr 2024, 16:56",,Mace Swing - 360,,Total reps alternate grip and direction,0,normal,8,40,,,,#REF!,08/04/2024,2024,4,15,320,
LMU & Mace workout ðª,"8 Apr 2024, 16:18","8 Apr 2024, 16:56",,Mace Swing - 360,,Total reps alternate grip and direction,1,normal,8,20,,,,#REF!,08/04/2024,2024,4,15,160,
MW 1H SP1,"20 Oct 2024, 20:12","20 Oct 2024, 20:41",,Mace Swing - 360,,,0,normal,4,100,,,,#REF!,20/10/2024,2024,10,43,400,
Mace swings,"21 Oct 2024, 19:00","21 Oct 2024, 19:09",,Mace Swing - 360,,,0,normal,4,100,,,,#REF!,21/10/2024,2024,10,43,400,
Mace swings,"21 Oct 2024, 19:00","21 Oct 2024, 19:09",,Mace Swing - 360,,,1,normal,4,100,,,,#REF!,21/10/2024,2024,10,43,400,
Mace swings,"26 Oct 2024, 19:19","26 Oct 2024, 19:39",,Mace Swing - 360,,,0,normal,7.5,50,,,,#REF!,26/10/2024,2024,10,43,375,
Mace swings,"26 Oct 2024, 19:19","26 Oct 2024, 19:39",,Mace Swing - 360,,,1,normal,4,100,,,,#REF!,26/10/2024,2024,10,43,400,
Mace swings,"26 Oct 2024, 19:19","26 Oct 2024, 19:39",,Mace Swing - 360,,,2,normal,7.5,50,,,,#REF!,26/10/2024,2024,10,43,375,
Mace swings,"26 Oct 2024, 19:19","26 Oct 2024, 19:39",,Mace Swing - 360,,,3,normal,4,100,,,,#REF!,26/10/2024,2024,10,43,400,
Mace swings,"26 Oct 2024, 19:19","26 Oct 2024, 19:39",,Mace Swing - 360,,,4,normal,5.7,50,,,,#REF!,26/10/2024,2024,10,43,285,
Mace swings,"27 Oct 2024, 15:48","27 Oct 2024, 16:17",,Mace Swing - 360,,,0,normal,5.7,50,,,,#REF!,27/10/2024,2024,10,44,285,
Mace swings,"27 Oct 2024, 15:48","27 Oct 2024, 16:17",,Mace Swing - 360,,,1,normal,4,100,,,,#REF!,27/10/2024,2024,10,44,400,
Mace swings,"27 Oct 2024, 15:48","27 Oct 2024, 16:17",,Mace Swing - 360,,,2,normal,4,100,,,,#REF!,27/10/2024,2024,10,44,400,
Mace swings,"27 Oct 2024, 15:48","27 Oct 2024, 16:17",,Mace Swing - 360,,,3,normal,4,100,,,,#REF!,27/10/2024,2024,10,44,400,
Mace swings,"27 Oct 2024, 15:48","27 Oct 2024, 16:17",,Mace Swing - 360,,,4,normal,5.7,50,,,,#REF!,27/10/2024,2024,10,44,285,
Mace swings,"29 Oct 2024, 18:26","29 Oct 2024, 18:57",,Mace Swing - 360,,,0,normal,4,100,,,,#REF!,29/10/2024,2024,10,44,400,
Mace swings,"29 Oct 2024, 18:26","29 Oct 2024, 18:57",,Mace Swing - 360,,,1,normal,7.5,50,,,,#REF!,29/10/2024,2024,10,44,375,
Mace swings,"29 Oct 2024, 18:26","29 Oct 2024, 18:57",,Mace Swing - 360,,,2,normal,5.7,100,,,,#REF!,29/10/2024,2024,10,44,570,
Mace swings,"29 Oct 2024, 18:26","29 Oct 2024, 18:57",,Mace Swing - 360,,,3,normal,4,150,,,,#REF!,29/10/2024,2024,10,44,600,
Mace swings,"29 Oct 2024, 18:26","29 Oct 2024, 18:57",,Mace Swing - 360,,,4,normal,5.7,100,,,,#REF!,29/10/2024,2024,10,44,570,
Mace swings,"29 Oct 2024, 18:26","29 Oct 2024, 18:57",,Mace Swing - 360,,,5,normal,7.5,50,,,,#REF!,29/10/2024,2024,10,44,375,
Mace swings,"1 Nov 2024, 08:30","1 Nov 2024, 08:57",,Mace Swing - 360,,,0,normal,5.7,400,,,,#REF!,01/11/2024,2024,11,44,2280,
Mace swings,"6 Nov 2024, 08:32","6 Nov 2024, 09:10",,Mace Swing - 360,,,0,normal,5.7,300,,,,#REF!,06/11/2024,2024,11,45,1710,
Mace swings,"6 Nov 2024, 08:32","6 Nov 2024, 09:10",,Mace Swing - 360,,,1,normal,7.5,50,,,,#REF!,06/11/2024,2024,11,45,375,
Mace swings,"6 Nov 2024, 08:32","6 Nov 2024, 09:10",,Mace Swing - 360,,,2,normal,8.5,50,,,,#REF!,06/11/2024,2024,11,45,425,
Mace swings,"6 Nov 2024, 08:32","6 Nov 2024, 09:10",,Mace Swing - 360,,,3,normal,10.2,20,,,,#REF!,06/11/2024,2024,11,45,204,
Mace swings,"6 Nov 2024, 08:32","6 Nov 2024, 09:10",,Mace Swing - 360,,,4,normal,11.3,10,,,,#REF!,06/11/2024,2024,11,45,113,
Mace swings,"8 Nov 2024, 12:45","8 Nov 2024, 13:10",,Mace Swing - 360,,,0,normal,7.9,50,,,,#REF!,08/11/2024,2024,11,45,395,
Mace swings,"8 Nov 2024, 12:45","8 Nov 2024, 13:10",,Mace Swing - 360,,,1,normal,7.9,50,,,,#REF!,08/11/2024,2024,11,45,395,
Mace swings,"8 Nov 2024, 12:45","8 Nov 2024, 13:10",,Mace Swing - 360,,,2,normal,4,100,,,,#REF!,08/11/2024,2024,11,45,400,
Mace swings,"8 Nov 2024, 12:45","8 Nov 2024, 13:10",,Mace 10-2,,,0,normal,4,50,,,,#REF!,08/11/2024,2024,11,45,200,
Mace swings,"8 Nov 2024, 12:45","8 Nov 2024, 13:10",,Mace 10-2,,,1,normal,4,50,,,,#REF!,08/11/2024,2024,11,45,200,
Mace swings,"8 Nov 2024, 12:45","8 Nov 2024, 13:10",,Mace 10-2,,,2,normal,4,50,,,,#REF!,08/11/2024,2024,11,45,200,
Mace swings,"8 Nov 2024, 12:45","8 Nov 2024, 13:10",,Mace 10-2,,,3,normal,4,50,,,,#REF!,08/11/2024,2024,11,45,200,
Mace swings,"8 Nov 2024, 12:45","8 Nov 2024, 13:10",,Mace 10-2,,,4,normal,4,100,,,,#REF!,08/11/2024,2024,11,45,400,
Mace swings,"12 Nov 2024, 13:24","12 Nov 2024, 13:55",,Mace Swing - 360,,,0,normal,5.7,100,,,,#REF!,12/11/2024,2024,11,46,570,
Mace swings,"12 Nov 2024, 13:24","12 Nov 2024, 13:55",,Mace Swing - 360,,,1,normal,5.7,100,,,,#REF!,12/11/2024,2024,11,46,570,
Mace swings,"12 Nov 2024, 13:24","12 Nov 2024, 13:55",,Mace Swing - 360,,,2,normal,5.7,100,,,,#REF!,12/11/2024,2024,11,46,570,
Mace swings,"12 Nov 2024, 13:24","12 Nov 2024, 13:55",,Mace Swing - 360,,,3,normal,5.7,100,,,,#REF!,12/11/2024,2024,11,46,570,
Mace swings,"12 Nov 2024, 13:24","12 Nov 2024, 13:55",,Mace Swing - 360,,,4,normal,5.7,100,,,,#REF!,12/11/2024,2024,11,46,570,
Mace swings,"12 Nov 2024, 13:24","12 Nov 2024, 13:55",,Mace Swing - 360,,,5,normal,5.7,50,,,,#REF!,12/11/2024,2024,11,46,285,
Mace swings,"13 Nov 2024, 12:59","13 Nov 2024, 13:18",,Mace Swing - 360,,,0,normal,5.7,50,,,,#REF!,13/11/2024,2024,11,46,285,
Mace swings,"13 Nov 2024, 12:59","13 Nov 2024, 13:18",,Mace Swing - 360,,,1,normal,6.8,42,,,,#REF!,13/11/2024,2024,11,46,285.6,
Mace swings,"13 Nov 2024, 12:59","13 Nov 2024, 13:18",,Mace Swing - 360,,,2,normal,6.8,42,,,,#REF!,13/11/2024,2024,11,46,285.6,
Mace swings,"13 Nov 2024, 12:59","13 Nov 2024, 13:18",,Mace Swing - 360,,,3,normal,7.9,42,,,,#REF!,13/11/2024,2024,11,46,331.8,
Mace swings,"13 Nov 2024, 12:59","13 Nov 2024, 13:18",,Mace Swing - 360,,,4,normal,7.9,42,,,,#REF!,13/11/2024,2024,11,46,331.8,
Mace swings,"30 Nov 2024, 18:11","30 Nov 2024, 18:39",Itâs been a while since I played with the mace and this was tough.,Mace Swing - 360,,,0,normal,8,60,,,,#REF!,30/11/2024,2024,11,48,480,
Mace swings,"30 Nov 2024, 18:11","30 Nov 2024, 18:39",Itâs been a while since I played with the mace and this was tough.,Mace Swing - 360,,,1,normal,7.9,50,,,,#REF!,30/11/2024,2024,11,48,395,
Mace swings,"30 Nov 2024, 18:11","30 Nov 2024, 18:39",Itâs been a while since I played with the mace and this was tough.,Mace Swing - 360,,,2,normal,6.8,50,,,,#REF!,30/11/2024,2024,11,48,340,
Mace swings,"30 Nov 2024, 18:11","30 Nov 2024, 18:39",Itâs been a while since I played with the mace and this was tough.,Mace Swing - 360,,,3,normal,4,100,,,,#REF!,30/11/2024,2024,11,48,400,
Mace swings,"30 Nov 2024, 18:11","30 Nov 2024, 18:39",Itâs been a while since I played with the mace and this was tough.,Mace Swing - 360,,,4,normal,4,100,,,,#REF!,30/11/2024,2024,11,48,400,
Mace swings,"9 Dec 2024, 19:43","9 Dec 2024, 20:20",,Mace Swing - 360,,,0,normal,4,100,,,,#REF!,09/12/2024,2024,12,50,400,
Mace swings,"9 Dec 2024, 19:43","9 Dec 2024, 20:20",,Mace Swing - 360,,,1,normal,4,100,,,,#REF!,09/12/2024,2024,12,50,400,
Mace swings,"9 Dec 2024, 19:43","9 Dec 2024, 20:20",,Mace Swing - 360,,,2,normal,5.7,100,,,,#REF!,09/12/2024,2024,12,50,570,
Mace swings,"9 Dec 2024, 19:43","9 Dec 2024, 20:20",,Mace Swing - 360,,,3,normal,5.7,100,,,,#REF!,09/12/2024,2024,12,50,570,
Mace swings,"9 Dec 2024, 19:43","9 Dec 2024, 20:20",,Mace Swing - 360,,,4,normal,5.7,100,,,,#REF!,09/12/2024,2024,12,50,570,
Mace swings,"9 Dec 2024, 19:43","9 Dec 2024, 20:20",,Mace Swing - 360,,,5,normal,5.7,100,,,,#REF!,09/12/2024,2024,12,50,570,
Mace swings,"9 Dec 2024, 19:43","9 Dec 2024, 20:20",,Mace 10-2,,,0,normal,4,50,,,,#REF!,09/12/2024,2024,12,50,200,
Mace swings,"14 Dec 2024, 14:16","14 Dec 2024, 14:59",,Mace Swing - 360,,,0,normal,4,100,,,,#REF!,14/12/2024,2024,12,50,400,
Mace swings,"14 Dec 2024, 14:16","14 Dec 2024, 14:59",,Mace Swing - 360,,,1,normal,5.7,100,,,,#REF!,14/12/2024,2024,12,50,570,
Mace swings,"14 Dec 2024, 14:16","14 Dec 2024, 14:59",,Mace Swing - 360,,,2,normal,5.7,100,,,,#REF!,14/12/2024,2024,12,50,570,
Mace swings,"14 Dec 2024, 14:16","14 Dec 2024, 14:59",,Mace Swing - 360,,,3,normal,5.7,100,,,,#REF!,14/12/2024,2024,12,50,570,
Mace swings,"14 Dec 2024, 14:16","14 Dec 2024, 14:59",,Mace Swing - 360,,,4,normal,6.8,100,,,,#REF!,14/12/2024,2024,12,50,680,
Mace swings,"14 Dec 2024, 14:16","14 Dec 2024, 14:59",,Mace Swing - 360,,,5,normal,6.8,100,,,,#REF!,14/12/2024,2024,12,50,680,
Mace swings,"30 Dec 2024, 18:51","30 Dec 2024, 18:59",,Mace Swing - 360,,,0,normal,6,100,,,,#REF!,30/12/2024,2024,12,53,600,
Mace ladder,"5 Jan 2025, 15:51","5 Jan 2025, 16:48",,Mace Swing - 360,,,0,normal,5.7,100,,,,#REF!,05/01/2025,2025,1,2,570,
Mace ladder,"5 Jan 2025, 15:51","5 Jan 2025, 16:48",,Mace Swing - 360,,,1,normal,6.8,80,,,,#REF!,05/01/2025,2025,1,2,544,
Mace ladder,"5 Jan 2025, 15:51","5 Jan 2025, 16:48",,Mace Swing - 360,,,2,normal,7.9,60,,,,#REF!,05/01/2025,2025,1,2,474,
Mace ladder,"5 Jan 2025, 15:51","5 Jan 2025, 16:48",,Mace Swing - 360,,,3,normal,9.1,40,,,,#REF!,05/01/2025,2025,1,2,364,
Mace ladder,"5 Jan 2025, 15:51","5 Jan 2025, 16:48",,Mace Swing - 360,,,4,normal,10.2,20,,,,#REF!,05/01/2025,2025,1,2,204,
Mace ladder,"5 Jan 2025, 15:51","5 Jan 2025, 16:48",,Mace Swing - 360,,,5,normal,11.3,10,,,,#REF!,05/01/2025,2025,1,2,113,
Mace ladder,"5 Jan 2025, 15:51","5 Jan 2025, 16:48",,Mace Swing - 360,,,6,normal,10.2,20,,,,#REF!,05/01/2025,2025,1,2,204,
Mace ladder,"5 Jan 2025, 15:51","5 Jan 2025, 16:48",,Mace Swing - 360,,,7,normal,9.1,40,,,,#REF!,05/01/2025,2025,1,2,364,
Mace ladder,"5 Jan 2025, 15:51","5 Jan 2025, 16:48",,Mace Swing - 360,,,8,normal,7.9,60,,,,#REF!,05/01/2025,2025,1,2,474,
Mace ladder,"5 Jan 2025, 15:51","5 Jan 2025, 16:48",,Mace Swing - 360,,,9,normal,6.8,80,,,,#REF!,05/01/2025,2025,1,2,544,
Mace ladder,"5 Jan 2025, 15:51","5 Jan 2025, 16:48",,Mace Swing - 360,,,10,normal,5.7,100,,,,#REF!,05/01/2025,2025,1,2,570,
Basic is Brutal,"6 Jan 2025, 16:57","6 Jan 2025, 17:21",,Mace 10-2,0,,0,normal,4,30,,,,#REF!,06/01/2025,2025,1,2,120,
Basic is Brutal,"6 Jan 2025, 16:57","6 Jan 2025, 17:21",,Mace 10-2,0,,1,normal,4,30,,,,#REF!,06/01/2025,2025,1,2,120,
Basic is Brutal,"6 Jan 2025, 16:57","6 Jan 2025, 17:21",,Mace 10-2,0,,2,normal,4,30,,,,#REF!,06/01/2025,2025,1,2,120,
Basic is Brutal,"8 Jan 2025, 19:04","8 Jan 2025, 19:42",,Mace 10-2,0,,0,normal,4,30,,,,#REF!,08/01/2025,2025,1,2,120,
Basic is Brutal,"8 Jan 2025, 19:04","8 Jan 2025, 19:42",,Mace 10-2,0,,1,normal,4,30,,,,#REF!,08/01/2025,2025,1,2,120,
Basic is Brutal,"8 Jan 2025, 19:04","8 Jan 2025, 19:42",,Mace 10-2,0,,2,normal,4,30,,,,#REF!,08/01/2025,2025,1,2,120,
Basic is Brutal,"8 Jan 2025, 19:04","8 Jan 2025, 19:42",,Mace 10-2,0,,0,normal,4,30,,,,#REF!,08/01/2025,2025,1,2,120,
Basic is Brutal,"8 Jan 2025, 19:04","8 Jan 2025, 19:42",,Mace 10-2,0,,1,normal,4,30,,,,#REF!,08/01/2025,2025,1,2,120,
Basic is Brutal,"8 Jan 2025, 19:04","8 Jan 2025, 19:42",,Mace 10-2,0,,2,normal,4,30,,,,#REF!,08/01/2025,2025,1,2,120,
Mace EMOM,"11 Jan 2025, 17:52","11 Jan 2025, 18:26",,Mace Swing - 360,,,0,normal,9.1,25,,,,#REF!,11/01/2025,2025,1,2,227.5,
Mace EMOM,"11 Jan 2025, 17:52","11 Jan 2025, 18:26",,Mace Swing - 360,,,1,normal,9.1,30,,,,#REF!,11/01/2025,2025,1,2,273,
Mace EMOM,"11 Jan 2025, 17:52","11 Jan 2025, 18:26",,Mace Swing - 360,,,2,normal,9.1,34,,,,#REF!,11/01/2025,2025,1,2,309.4,
Mace EMOM,"11 Jan 2025, 17:52","11 Jan 2025, 18:26",,Mace Swing - 360,,,3,normal,9.1,32,,,,#REF!,11/01/2025,2025,1,2,291.2,
Mace EMOM,"11 Jan 2025, 17:52","11 Jan 2025, 18:26",,Mace Swing - 360,,,4,normal,9.1,34,,,,#REF!,11/01/2025,2025,1,2,309.4,
Mace EMOM,"11 Jan 2025, 17:52","11 Jan 2025, 18:26",,Mace Swing - 360,,,5,normal,9.1,34,,,,#REF!,11/01/2025,2025,1,2,309.4,
Mace EMOM,"11 Jan 2025, 17:52","11 Jan 2025, 18:26",,Mace Swing - 360,,,6,normal,9.1,34,,,,#REF!,11/01/2025,2025,1,2,309.4,
Mace EMOM,"11 Jan 2025, 17:52","11 Jan 2025, 18:26",,Mace Swing - 360,,,7,normal,9.1,34,,,,#REF!,11/01/2025,2025,1,2,309.4,
Mace EMOM,"11 Jan 2025, 17:52","11 Jan 2025, 18:26",,Mace Swing - 360,,,8,normal,9.1,35,,,,#REF!,11/01/2025,2025,1,2,318.5,
Mace EMOM,"11 Jan 2025, 17:52","11 Jan 2025, 18:26",,Mace Swing - 360,,,9,normal,9.1,35,,,,#REF!,11/01/2025,2025,1,2,318.5,
Mace EMOM,"11 Jan 2025, 17:52","11 Jan 2025, 18:26",,Mace Swing - 360,,,10,normal,9.1,34,,,,#REF!,11/01/2025,2025,1,2,309.4,
Mace EMOM,"11 Jan 2025, 17:52","11 Jan 2025, 18:26",,Mace Swing - 360,,,11,normal,9.1,27,,,,#REF!,11/01/2025,2025,1,2,245.7,
Mace EMOM,"11 Jan 2025, 17:52","11 Jan 2025, 18:26",,Mace Swing - 360,,,12,normal,9.1,32,,,,#REF!,11/01/2025,2025,1,2,291.2,
Mace EMOM,"11 Jan 2025, 17:52","11 Jan 2025, 18:26",,Mace Swing - 360,,,13,normal,9.1,34,,,,#REF!,11/01/2025,2025,1,2,309.4,
Mace EMOM,"11 Jan 2025, 17:52","11 Jan 2025, 18:26",,Mace Swing - 360,,,14,normal,9.1,33,,,,#REF!,11/01/2025,2025,1,2,300.3,
Mace swings,"19 Jan 2025, 13:32","19 Jan 2025, 14:03",Toughest session so far. Aimed to go continuous at 7.9kg but felt my elbows were liable to pop so dropped back down to 6.8kg 747 reps,Mace Swing - 360,,,0,normal,7.9,250,,,,#REF!,19/01/2025,2025,1,4,1975,
Mace swings,"19 Jan 2025, 13:32","19 Jan 2025, 14:03",Toughest session so far. Aimed to go continuous at 7.9kg but felt my elbows were liable to pop so dropped back down to 6.8kg 747 reps,Mace Swing - 360,,,1,normal,6.8,497,,,,#REF!,19/01/2025,2025,1,4,3379.6,
Mace swings,"22 Jan 2025, 16:46","22 Jan 2025, 17:07",,Mace Swing - 360,,,0,normal,4,55,,,,#REF!,22/01/2025,2025,1,4,220,
Mace swings,"22 Jan 2025, 16:46","22 Jan 2025, 17:07",,Mace Swing - 360,,,1,normal,4,55,,,,#REF!,22/01/2025,2025,1,4,220,
Mace swings,"22 Jan 2025, 16:46","22 Jan 2025, 17:07",,Mace Swing - 360,,,2,normal,4,52,,,,#REF!,22/01/2025,2025,1,4,208,
Mace swings,"22 Jan 2025, 16:46","22 Jan 2025, 17:07",,Mace Swing - 360,,,3,normal,4,40,,,,#REF!,22/01/2025,2025,1,4,160,
Mace swings,"22 Jan 2025, 16:46","22 Jan 2025, 17:07",,Mace Swing - 360,,,4,normal,4,15,,,,#REF!,22/01/2025,2025,1,4,60,
Mace swings,"22 Jan 2025, 16:46","22 Jan 2025, 17:07",,Mace 10-2,,,0,normal,4,16,,,,#REF!,22/01/2025,2025,1,4,64,
Mace swings,"22 Jan 2025, 16:46","22 Jan 2025, 17:07",,Mace 10-2,,,1,normal,4,26,,,,#REF!,22/01/2025,2025,1,4,104,
Mace swings,"22 Jan 2025, 16:46","22 Jan 2025, 17:07",,Mace 10-2,,,2,normal,4,33,,,,#REF!,22/01/2025,2025,1,4,132,
Mace swings,"22 Jan 2025, 16:46","22 Jan 2025, 17:07",,Mace 10-2,,,3,normal,4,25,,,,#REF!,22/01/2025,2025,1,4,100,
Mace swings,"22 Jan 2025, 16:46","22 Jan 2025, 17:07",,Mace 10-2,,,4,normal,4,18,,,,#REF!,22/01/2025,2025,1,4,72,
Mace swings,"22 Jan 2025, 16:46","22 Jan 2025, 17:07",,Mace 10-2,,,5,normal,4,100,,,,#REF!,22/01/2025,2025,1,4,400,
Mace and KB,"27 Jan 2025, 18:20","27 Jan 2025, 19:18",,Kettlebell Snatch,,1 arm = 1 rep,0,normal,8,16,,,,#REF!,27/01/2025,2025,1,5,128,
Mace and KB,"27 Jan 2025, 18:20","27 Jan 2025, 19:18",,Kettlebell Snatch,,1 arm = 1 rep,1,normal,8,16,,,,#REF!,27/01/2025,2025,1,5,128,
Mace and KB,"27 Jan 2025, 18:20","27 Jan 2025, 19:18",,Mace Swing - 360,,10 sec hold in rack between,0,normal,4,59,,,,#REF!,27/01/2025,2025,1,5,236,
Mace and KB,"27 Jan 2025, 18:20","27 Jan 2025, 19:18",,Mace Swing - 360,,10 sec hold in rack between,1,normal,4,60,,,,#REF!,27/01/2025,2025,1,5,240,
Mace and KB,"27 Jan 2025, 18:20","27 Jan 2025, 19:18",,Mace Swing - 360,,10 sec hold in rack between,2,normal,4,61,,,,#REF!,27/01/2025,2025,1,5,244,
Mace and KB,"27 Jan 2025, 18:20","27 Jan 2025, 19:18",,Mace Swing - 360,,10 sec hold in rack between,3,normal,4,60,,,,#REF!,27/01/2025,2025,1,5,240,
Mace and KB,"27 Jan 2025, 18:20","27 Jan 2025, 19:18",,Mace 10-2,,,0,normal,7.1,67,,,,#REF!,27/01/2025,2025,1,5,475.7,
Mace and KB,"27 Jan 2025, 18:20","27 Jan 2025, 19:18",,Mace 10-2,,,1,normal,7.1,25,,,,#REF!,27/01/2025,2025,1,5,177.5,
PT session with a kb juggling chaser,"28 Jan 2025, 17:15","28 Jan 2025, 18:10",,Kettlebell Snatch,,,0,normal,6,20,,,,#REF!,28/01/2025,2025,1,5,120,
PT session with a kb juggling chaser,"28 Jan 2025, 17:15","28 Jan 2025, 18:10",,Kettlebell Snatch,,,1,normal,8,16,,,,#REF!,28/01/2025,2025,1,5,128,
Mace 300 EMOM ladder,"29 Jan 2025, 21:58","29 Jan 2025, 22:11",,Mace 10-2,,,0,normal,7.1,10,,,,#REF!,29/01/2025,2025,1,5,71,
Mace 300 EMOM ladder,"29 Jan 2025, 21:58","29 Jan 2025, 22:11",,Mace 10-2,,,1,normal,7.1,12,,,,#REF!,29/01/2025,2025,1,5,85.2,
Mace 300 EMOM ladder,"29 Jan 2025, 21:58","29 Jan 2025, 22:11",,Mace 10-2,,,2,normal,7.1,14,,,,#REF!,29/01/2025,2025,1,5,99.4,
Mace 300 EMOM ladder,"29 Jan 2025, 21:58","29 Jan 2025, 22:11",,Mace 10-2,,,3,normal,7.1,16,,,,#REF!,29/01/2025,2025,1,5,113.6,
Mace 300 EMOM ladder,"29 Jan 2025, 21:58","29 Jan 2025, 22:11",,Mace 10-2,,,4,normal,7.1,18,,,,#REF!,29/01/2025,2025,1,5,127.8,
Mace 300 EMOM ladder,"29 Jan 2025, 21:58","29 Jan 2025, 22:11",,Mace 10-2,,,5,normal,7.1,20,,,,#REF!,29/01/2025,2025,1,5,142,
Mace 300 EMOM ladder,"29 Jan 2025, 21:58","29 Jan 2025, 22:11",,Mace 10-2,,,6,normal,7.1,22,,,,#REF!,29/01/2025,2025,1,5,156.2,
Mace 300 EMOM ladder,"29 Jan 2025, 21:58","29 Jan 2025, 22:11",,Mace 10-2,,,7,normal,7.1,24,,,,#REF!,29/01/2025,2025,1,5,170.4,
Mace 300 EMOM ladder,"29 Jan 2025, 21:58","29 Jan 2025, 22:11",,Mace 10-2,,,8,normal,7.1,26,,,,#REF!,29/01/2025,2025,1,5,184.6,
Mace 300 EMOM ladder,"29 Jan 2025, 21:58","29 Jan 2025, 22:11",,Mace 10-2,,,9,normal,7.1,28,,,,#REF!,29/01/2025,2025,1,5,198.8,
Mace 300 EMOM ladder,"29 Jan 2025, 21:58","29 Jan 2025, 22:11",,Mace 10-2,,,10,normal,7.1,30,,,,#REF!,29/01/2025,2025,1,5,213,
Mace 300 EMOM ladder,"29 Jan 2025, 21:58","29 Jan 2025, 22:11",,Mace 10-2,,,11,normal,7.1,32,,,,#REF!,29/01/2025,2025,1,5,227.2,
Marathon mace,"1 Feb 2025, 12:22","1 Feb 2025, 12:53",,Mace Swing - 360,,,0,normal,7.4,783,,,,#REF!,01/02/2025,2025,2,5,5794.2,
Afternoon workout ðª,"5 Feb 2025, 16:49","5 Feb 2025, 17:00",,Mace 10-2,,,0,normal,7.1,36,,,,#REF!,05/02/2025,2025,2,6,255.6,
Afternoon workout ðª,"5 Feb 2025, 16:49","5 Feb 2025, 17:00",,Mace 10-2,,,1,normal,7.1,37,,,,#REF!,05/02/2025,2025,2,6,262.7,
Afternoon workout ðª,"5 Feb 2025, 16:49","5 Feb 2025, 17:00",,Mace 10-2,,,2,normal,7.1,36,,,,#REF!,05/02/2025,2025,2,6,255.6,
Afternoon workout ðª,"5 Feb 2025, 16:49","5 Feb 2025, 17:00",,Mace 10-2,,,3,normal,7.1,37,,,,#REF!,05/02/2025,2025,2,6,262.7,
Afternoon workout ðª,"5 Feb 2025, 16:49","5 Feb 2025, 17:00",,Mace 10-2,,,4,normal,7.1,36,,,,#REF!,05/02/2025,2025,2,6,255.6,
Mace 300 rounds,"6 Feb 2025, 18:33","6 Feb 2025, 18:48",,Mace 10-2,,,0,normal,7.1,40,,,,#REF!,06/02/2025,2025,2,6,284,
Mace 300 rounds,"6 Feb 2025, 18:33","6 Feb 2025, 18:48",,Mace 10-2,,,1,normal,7.1,39,,,,#REF!,06/02/2025,2025,2,6,276.9,
Mace 300 rounds,"6 Feb 2025, 18:33","6 Feb 2025, 18:48",,Mace 10-2,,,2,normal,7.1,40,,,,#REF!,06/02/2025,2025,2,6,284,
Mace 300 rounds,"6 Feb 2025, 18:33","6 Feb 2025, 18:48",,Mace 10-2,,,3,normal,7.1,39,,,,#REF!,06/02/2025,2025,2,6,276.9,
Mace 300 rounds,"6 Feb 2025, 18:33","6 Feb 2025, 18:48",,Mace 10-2,,,4,normal,7.1,41,,,,#REF!,06/02/2025,2025,2,6,291.1,
Mace 300 rounds,"6 Feb 2025, 18:33","6 Feb 2025, 18:48",,Mace 10-2,,,5,normal,7.1,40,,,,#REF!,06/02/2025,2025,2,6,284,
Mace 300 rounds,"7 Feb 2025, 17:50","7 Feb 2025, 18:09",,Mace 10-2,,,0,normal,7.1,40,,,,#REF!,07/02/2025,2025,2,6,284,
Mace 300 rounds,"7 Feb 2025, 17:50","7 Feb 2025, 18:09",,Mace 10-2,,,1,normal,7.1,40,,,,#REF!,07/02/2025,2025,2,6,284,
Mace 300 rounds,"7 Feb 2025, 17:50","7 Feb 2025, 18:09",,Mace 10-2,,,2,normal,7.1,36,,,,#REF!,07/02/2025,2025,2,6,255.6,
Mace 300 rounds,"7 Feb 2025, 17:50","7 Feb 2025, 18:09",,Mace 10-2,,,3,normal,7.1,40,,,,#REF!,07/02/2025,2025,2,6,284,
Mace 300 rounds,"7 Feb 2025, 17:50","7 Feb 2025, 18:09",,Mace 10-2,,,4,normal,7.1,38,,,,#REF!,07/02/2025,2025,2,6,269.8,
Mace 300 rounds,"7 Feb 2025, 17:50","7 Feb 2025, 18:09",,Mace 10-2,,,5,normal,7.1,40,,,,#REF!,07/02/2025,2025,2,6,284,
Mace 300 rounds,"11 Feb 2025, 19:27","11 Feb 2025, 19:42",,Mace 10-2,,,0,normal,7.1,38,,,,#REF!,11/02/2025,2025,2,7,269.8,
Mace 300 rounds,"11 Feb 2025, 19:27","11 Feb 2025, 19:42",,Mace 10-2,,,1,normal,7.1,35,,,,#REF!,11/02/2025,2025,2,7,248.5,
Mace 300 rounds,"11 Feb 2025, 19:27","11 Feb 2025, 19:42",,Mace 10-2,,,2,normal,7.1,38,,,,#REF!,11/02/2025,2025,2,7,269.8,
Mace 300 rounds,"11 Feb 2025, 19:27","11 Feb 2025, 19:42",,Mace 10-2,,,3,normal,7.1,35,,,,#REF!,11/02/2025,2025,2,7,248.5,
Mace 300 rounds,"11 Feb 2025, 19:27","11 Feb 2025, 19:42",,Mace 10-2,,,4,normal,7.1,36,,,,#REF!,11/02/2025,2025,2,7,255.6,
Mace 300 rounds,"11 Feb 2025, 19:27","11 Feb 2025, 19:42",,Mace 10-2,,,5,normal,7.1,38,,,,#REF!,11/02/2025,2025,2,7,269.8,
Mace 300 rounds,"11 Feb 2025, 19:27","11 Feb 2025, 19:42",,Kettlebell Snatch,,,0,normal,8,39,,,,#REF!,11/02/2025,2025,2,7,312,
Mace 300 rounds,"11 Feb 2025, 19:27","11 Feb 2025, 19:42",,Mace Swing - 360,,,0,normal,4,200,,,,#REF!,11/02/2025,2025,2,7,800,
Mace 300 rounds,"11 Feb 2025, 19:27","11 Feb 2025, 19:42",,Mace 10-2,,,0,normal,4,100,,,,#REF!,11/02/2025,2025,2,7,400,
Half marathon mace comp âï¸,"22 Feb 2025, 10:59","22 Feb 2025, 11:29",,Mace Swing - 360,,,0,normal,7.4,850,,,,#REF!,22/02/2025,2025,2,8,6290,
Mace 300 rounds,"26 Feb 2025, 16:06","26 Feb 2025, 16:26",,Mace 10-2,,2 mins on 2 mins off,0,normal,7.1,74,,,,#REF!,26/02/2025,2025,2,9,525.4,
Mace 300 rounds,"26 Feb 2025, 16:06","26 Feb 2025, 16:26",,Mace 10-2,,2 mins on 2 mins off,1,normal,7.1,75,,,,#REF!,26/02/2025,2025,2,9,532.5,
Mace 300 rounds,"26 Feb 2025, 16:06","26 Feb 2025, 16:26",,Mace 10-2,,2 mins on 2 mins off,2,normal,7.1,77,,,,#REF!,26/02/2025,2025,2,9,546.7,
Mace 300 rounds,"26 Feb 2025, 16:06","26 Feb 2025, 16:26",,Mace 10-2,,2 mins on 2 mins off,3,normal,7.1,72,,,,#REF!,26/02/2025,2025,2,9,511.2,
Mace 300 rounds,"26 Feb 2025, 16:06","26 Feb 2025, 16:26",,Mace 10-2,,2 mins on 2 mins off,4,normal,7.1,70,,,,#REF!,26/02/2025,2025,2,9,497,
Mace 300 rounds,"1 Mar 2025, 19:07","1 Mar 2025, 19:45",,Mace 10-2,,,0,normal,7.1,78,,,,#REF!,01/03/2025,2025,3,9,553.8,
Mace 300 rounds,"1 Mar 2025, 19:07","1 Mar 2025, 19:45",,Mace 10-2,,,1,normal,7.1,78,,,,#REF!,01/03/2025,2025,3,9,553.8,
Mace 300 rounds,"1 Mar 2025, 19:07","1 Mar 2025, 19:45",,Mace 10-2,,,2,normal,7.1,76,,,,#REF!,01/03/2025,2025,3,9,539.6,
Mace 300 rounds,"1 Mar 2025, 19:07","1 Mar 2025, 19:45",,Mace 10-2,,,3,normal,7.1,69,,,,#REF!,01/03/2025,2025,3,9,489.9,
Mace 300 rounds,"1 Mar 2025, 19:07","1 Mar 2025, 19:45",,Mace 10-2,,,4,normal,7.1,69,,,,#REF!,01/03/2025,2025,3,9,489.9,
Mace 300 rounds,"5 Mar 2025, 17:10","5 Mar 2025, 17:30",,Mace 10-2,,,0,normal,7.1,99,,,,#REF!,05/03/2025,2025,3,10,702.9,
Mace 300 rounds,"5 Mar 2025, 17:10","5 Mar 2025, 17:30",,Mace 10-2,,,1,normal,7.1,98,,,,#REF!,05/03/2025,2025,3,10,695.8,
Mace 300 rounds,"5 Mar 2025, 17:10","5 Mar 2025, 17:30",,Mace 10-2,,,2,normal,7.1,97,,,,#REF!,05/03/2025,2025,3,10,688.7,
Mace 300 rounds,"5 Mar 2025, 17:10","5 Mar 2025, 17:30",,Mace 10-2,,,3,normal,7.1,83,,,,#REF!,05/03/2025,2025,3,10,589.3,
Mace 300 rounds,"5 Mar 2025, 17:10","5 Mar 2025, 17:30",,Mace 10-2,,,4,normal,7.1,87,,,,#REF!,05/03/2025,2025,3,10,617.7,
Mace 300 rounds,"13 Mar 2025, 15:14","13 Mar 2025, 16:04",,Mace 10-2,,,0,normal,8.2,30,,,,#REF!,13/03/2025,2025,3,11,246,
Mace 300 rounds,"13 Mar 2025, 15:14","13 Mar 2025, 16:04",,Mace 10-2,,,1,normal,8.2,30,,,,#REF!,13/03/2025,2025,3,11,246,
Mace 300 rounds,"13 Mar 2025, 15:14","13 Mar 2025, 16:04",,Mace 10-2,,,2,normal,8.2,30,,,,#REF!,13/03/2025,2025,3,11,246,
Mace 300 rounds,"13 Mar 2025, 15:14","13 Mar 2025, 16:04",,Mace 10-2,,,3,normal,8.2,30,,,,#REF!,13/03/2025,2025,3,11,246,
Mace 300 rounds,"13 Mar 2025, 15:14","13 Mar 2025, 16:04",,Mace 10-2,,,4,normal,8.2,30,,,,#REF!,13/03/2025,2025,3,11,246,
Mace 300 rounds,"13 Mar 2025, 15:14","13 Mar 2025, 16:04",,Mace 10-2,,,5,normal,8.2,30,,,,#REF!,13/03/2025,2025,3,11,246,
Mace 300 rounds,"13 Mar 2025, 15:14","13 Mar 2025, 16:04",,Mace 10-2,,,6,normal,8.2,30,,,,#REF!,13/03/2025,2025,3,11,246,
Mace 300 rounds,"13 Mar 2025, 15:14","13 Mar 2025, 16:04",,Mace 10-2,,,7,normal,8.2,30,,,,#REF!,13/03/2025,2025,3,11,246,
Mace 300 rounds,"13 Mar 2025, 15:14","13 Mar 2025, 16:04",,Mace 10-2,,,8,normal,8.2,30,,,,#REF!,13/03/2025,2025,3,11,246,
Mace 300 rounds,"13 Mar 2025, 15:14","13 Mar 2025, 16:04",,Mace 10-2,,,9,normal,8.2,30,,,,#REF!,13/03/2025,2025,3,11,246,
Mace 300 rounds,"16 Mar 2025, 14:31","16 Mar 2025, 14:50",,Mace 10-2,,,0,normal,7.1,134,,,,#REF!,16/03/2025,2025,3,12,951.4,
Mace 300 rounds,"16 Mar 2025, 14:31","16 Mar 2025, 14:50",,Mace 10-2,,,1,normal,7.1,136,,,,#REF!,16/03/2025,2025,3,12,965.6,
Mace 300 rounds,"16 Mar 2025, 14:31","16 Mar 2025, 14:50",,Mace 10-2,,,2,normal,7.1,135,,,,#REF!,16/03/2025,2025,3,12,958.5,
Mace 300 rounds,"16 Mar 2025, 14:31","16 Mar 2025, 14:50",,Mace 10-2,,,3,normal,7.1,35,,,,#REF!,16/03/2025,2025,3,12,248.5,
Mace 300 rounds,"20 Mar 2025, 22:08","20 Mar 2025, 22:44",Ascending 5min benchmark tests,Mace 10-2,,,0,normal,4,18,,,,#REF!,20/03/2025,2025,3,12,72,
Mace 300 rounds,"20 Mar 2025, 22:08","20 Mar 2025, 22:44",Ascending 5min benchmark tests,Mace 10-2,,,1,normal,4,39,,,,#REF!,20/03/2025,2025,3,12,156,
Mace 300 rounds,"20 Mar 2025, 22:08","20 Mar 2025, 22:44",Ascending 5min benchmark tests,Mace 10-2,,,2,normal,4,200,,,,#REF!,20/03/2025,2025,3,12,800,
Mace 300 rounds,"20 Mar 2025, 22:08","20 Mar 2025, 22:44",Ascending 5min benchmark tests,Mace 10-2,,,3,normal,5.1,204,,,,#REF!,20/03/2025,2025,3,12,1040.4,
Mace 300 rounds,"20 Mar 2025, 22:08","20 Mar 2025, 22:44",Ascending 5min benchmark tests,Mace 10-2,,,4,normal,6.1,202,,,,#REF!,20/03/2025,2025,3,12,1232.2,
Mace 300 rounds,"26 Mar 2025, 13:40","26 Mar 2025, 14:03",,Mace 10-2,,,0,normal,6.1,200,,,,#REF!,26/03/2025,2025,3,13,1220,
Mace 300 rounds,"26 Mar 2025, 13:40","26 Mar 2025, 14:03",,Mace 10-2,,,1,normal,7.1,199,,,,#REF!,26/03/2025,2025,3,13,1412.9,
Mace 300 rounds,"26 Mar 2025, 13:40","26 Mar 2025, 14:03",,Mace 10-2,,,2,normal,8.1,147,,,,#REF!,26/03/2025,2025,3,13,1190.7,
Mace 300 rounds,"1 Apr 2025, 19:01","1 Apr 2025, 19:47",,Mace 10-2,,,0,normal,4,100,,,,#REF!,01/04/2025,2025,4,14,400,
Mace 300 rounds,"1 Apr 2025, 19:01","1 Apr 2025, 19:47",,Mace 10-2,,,1,normal,8.1,10,,,,#REF!,01/04/2025,2025,4,14,81,
Mace 300 rounds,"1 Apr 2025, 19:01","1 Apr 2025, 19:47",,Mace 10-2,,,2,normal,8.1,10,,,,#REF!,01/04/2025,2025,4,14,81,
Mace 300 rounds,"1 Apr 2025, 19:01","1 Apr 2025, 19:47",,Mace 10-2,,,3,normal,9.9,10,,,,#REF!,01/04/2025,2025,4,14,99,
Mace 300 rounds,"1 Apr 2025, 19:01","1 Apr 2025, 19:47",,Mace 10-2,,,4,normal,9.9,10,,,,#REF!,01/04/2025,2025,4,14,99,
Mace 300 rounds,"1 Apr 2025, 19:01","1 Apr 2025, 19:47",,Mace 10-2,,,5,normal,9.9,10,,,,#REF!,01/04/2025,2025,4,14,99,
Mace 300 rounds,"1 Apr 2025, 19:01","1 Apr 2025, 19:47",,Mace 10-2,,,6,normal,9.9,10,,,,#REF!,01/04/2025,2025,4,14,99,
Mace 300 rounds,"1 Apr 2025, 19:01","1 Apr 2025, 19:47",,Mace 10-2,,,7,normal,9.9,10,,,,#REF!,01/04/2025,2025,4,14,99,
Mace 300 rounds,"1 Apr 2025, 19:01","1 Apr 2025, 19:47",,Mace 10-2,,,8,normal,9.9,10,,,,#REF!,01/04/2025,2025,4,14,99,
Mace 300 rounds,"1 Apr 2025, 19:01","1 Apr 2025, 19:47",,Mace 10-2,,,9,normal,9.9,10,,,,#REF!,01/04/2025,2025,4,14,99,
Mace 300 rounds,"1 Apr 2025, 19:01","1 Apr 2025, 19:47",,Mace 10-2,,,10,normal,9.9,10,,,,#REF!,01/04/2025,2025,4,14,99,
Mace 300 rounds,"1 Apr 2025, 19:01","1 Apr 2025, 19:47",,Mace 10-2,,,11,normal,9.9,10,,,,#REF!,01/04/2025,2025,4,14,99,
Mace 300 rounds,"1 Apr 2025, 19:01","1 Apr 2025, 19:47",,Mace 10-2,,,12,normal,9.9,10,,,,#REF!,01/04/2025,2025,4,14,99,
Mace 300 rounds,"1 Apr 2025, 19:01","1 Apr 2025, 19:47",,Mace 10-2,,,13,normal,9.9,10,,,,#REF!,01/04/2025,2025,4,14,99,
Mace 300 rounds,"1 Apr 2025, 19:01","1 Apr 2025, 19:47",,Mace 10-2,,,14,normal,9.9,10,,,,#REF!,01/04/2025,2025,4,14,99,
Mace 300 rounds,"1 Apr 2025, 19:01","1 Apr 2025, 19:47",,Mace 10-2,,,15,normal,9.9,10,,,,#REF!,01/04/2025,2025,4,14,99,
Mace 300 rounds,"1 Apr 2025, 19:01","1 Apr 2025, 19:47",,Mace 10-2,,,16,normal,9.9,10,,,,#REF!,01/04/2025,2025,4,14,99,
Mace 300 rounds,"1 Apr 2025, 19:01","1 Apr 2025, 19:47",,Mace 10-2,,,17,normal,7.1,100,,,,#REF!,01/04/2025,2025,4,14,710,
Mace 300 rounds,"1 Apr 2025, 19:01","1 Apr 2025, 19:47",,Mace 10-2,,,18,normal,7.1,100,,,,#REF!,01/04/2025,2025,4,14,710,
Mace 300 rounds,"5 Apr 2025, 15:03","5 Apr 2025, 15:34",,Mace 10-2,,,0,normal,7.2,188,,,,#REF!,05/04/2025,2025,4,14,1353.6,
Mace 300 rounds,"5 Apr 2025, 15:03","5 Apr 2025, 15:34",,Mace 10-2,,,1,normal,7.2,190,,,,#REF!,05/04/2025,2025,4,14,1368,
Mace 300 rounds,"5 Apr 2025, 15:03","5 Apr 2025, 15:34",,Mace 10-2,,,2,normal,7.2,150,,,,#REF!,05/04/2025,2025,4,14,1080,
Mace 300 rounds,"29 Apr 2025, 18:44","29 Apr 2025, 19:18",,Mace 10-2,,,0,normal,7.5,200,,,,#REF!,29/04/2025,2025,4,18,1500,
Mace 300 rounds,"29 Apr 2025, 18:44","29 Apr 2025, 19:18",,Mace 10-2,,,1,normal,9,150,,,,#REF!,29/04/2025,2025,4,18,1350,
Mace 300 rounds,"29 Apr 2025, 18:44","29 Apr 2025, 19:18",,Mace 10-2,,,2,normal,10,100,,,,#REF!,29/04/2025,2025,4,18,1000,
Mace 300 rounds,"4 May 2025, 12:40","4 May 2025, 13:10",,Mace 10-2,,,0,normal,7.2,200,,,,#REF!,04/05/2025,2025,5,19,1440,
Mace 300 rounds,"4 May 2025, 12:40","4 May 2025, 13:10",,Mace 10-2,,,1,normal,8.35,200,,,,#REF!,04/05/2025,2025,5,19,1670,
Mace 300 rounds,"4 May 2025, 12:40","4 May 2025, 13:10",,Mace 10-2,,,2,normal,9.35,150,,,,#REF!,04/05/2025,2025,5,19,1402.5,
Morning workout âï¸,"11 May 2025, 11:40","11 May 2025, 12:35",,Mace Swing - 360,,,0,normal,7.2,50,,,,#REF!,11/05/2025,2025,5,20,360,
Morning workout âï¸,"11 May 2025, 11:40","11 May 2025, 12:35",,Mace 10-2,,,0,normal,7.2,100,,,,#REF!,11/05/2025,2025,5,20,720,
Morning workout âï¸,"11 May 2025, 11:40","11 May 2025, 12:35",,Mace 10-2,,,1,normal,9.5,50,,,,#REF!,11/05/2025,2025,5,20,475,
Morning workout âï¸,"11 May 2025, 11:40","11 May 2025, 12:35",,Mace 10-2,,,2,normal,9.5,50,,,,#REF!,11/05/2025,2025,5,20,475,
Afternoon workout ðª,"12 May 2025, 12:53","12 May 2025, 13:59",,Mace 10-2,,,0,normal,9.5,50,,,,#REF!,12/05/2025,2025,5,20,475,
Afternoon workout ðª,"12 May 2025, 12:53","12 May 2025, 13:59",,Mace 10-2,,,1,normal,9.5,50,,,,#REF!,12/05/2025,2025,5,20,475,
Afternoon workout ðª,"12 May 2025, 12:53","12 May 2025, 13:59",,Mace 10-2,,,2,normal,9.5,50,,,,#REF!,12/05/2025,2025,5,20,475,
Afternoon workout ðª,"12 May 2025, 12:53","12 May 2025, 13:59",,Mace 10-2,,,3,normal,9.9,50,,,,#REF!,12/05/2025,2025,5,20,495,
MW - Swing and C&P,"18 May 2025, 11:32","18 May 2025, 12:10",,Kettlebell Snatch,,,0,normal,8,20,,,,#REF!,18/05/2025,2025,5,21,160,
Mace 2 ways with SB box squats,"26 May 2025, 18:40","26 May 2025, 19:11",,Mace Swing - 360,,EMOM switch directions after 10,0,normal,8,20,,,,#REF!,26/05/2025,2025,5,22,160,
Mace 2 ways with SB box squats,"26 May 2025, 18:40","26 May 2025, 19:11",,Mace Swing - 360,,EMOM switch directions after 10,1,normal,8,20,,,,#REF!,26/05/2025,2025,5,22,160,
Mace 2 ways with SB box squats,"26 May 2025, 18:40","26 May 2025, 19:11",,Mace Swing - 360,,EMOM switch directions after 10,2,normal,8,20,,,,#REF!,26/05/2025,2025,5,22,160,
Mace 2 ways with SB box squats,"26 May 2025, 18:40","26 May 2025, 19:11",,Mace Swing - 360,,EMOM switch directions after 10,3,normal,8,20,,,,#REF!,26/05/2025,2025,5,22,160,
Mace 2 ways with SB box squats,"26 May 2025, 18:40","26 May 2025, 19:11",,Mace Swing - 360,,EMOM switch directions after 10,4,normal,8,20,,,,#REF!,26/05/2025,2025,5,22,160,
Mace 2 ways with SB box squats,"26 May 2025, 18:40","26 May 2025, 19:11",,Mace Swing - 360,,EMOM switch directions after 10,5,normal,8,20,,,,#REF!,26/05/2025,2025,5,22,160,
Mace 2 ways with SB box squats,"26 May 2025, 18:40","26 May 2025, 19:11",,Mace Swing - 360,,EMOM switch directions after 10,6,normal,8,20,,,,#REF!,26/05/2025,2025,5,22,160,
Mace 2 ways with SB box squats,"26 May 2025, 18:40","26 May 2025, 19:11",,Mace Swing - 360,,EMOM switch directions after 10,7,normal,8,20,,,,#REF!,26/05/2025,2025,5,22,160,
Mace 2 ways with SB box squats,"26 May 2025, 18:40","26 May 2025, 19:11",,Mace Swing - 360,,EMOM switch directions after 10,8,normal,8,20,,,,#REF!,26/05/2025,2025,5,22,160,
Mace 2 ways with SB box squats,"26 May 2025, 18:40","26 May 2025, 19:11",,Mace Swing - 360,,EMOM switch directions after 10,9,normal,8,20,,,,#REF!,26/05/2025,2025,5,22,160,
Mace 2 ways with SB box squats,"26 May 2025, 18:40","26 May 2025, 19:11",,Mace 10-2,,EMOM,0,normal,8,20,,,,#REF!,26/05/2025,2025,5,22,160,
Mace 2 ways with SB box squats,"26 May 2025, 18:40","26 May 2025, 19:11",,Mace 10-2,,EMOM,1,normal,8,20,,,,#REF!,26/05/2025,2025,5,22,160,
Mace 2 ways with SB box squats,"26 May 2025, 18:40","26 May 2025, 19:11",,Mace 10-2,,EMOM,2,normal,8,20,,,,#REF!,26/05/2025,2025,5,22,160,
Mace 2 ways with SB box squats,"26 May 2025, 18:40","26 May 2025, 19:11",,Mace 10-2,,EMOM,3,normal,8,20,,,,#REF!,26/05/2025,2025,5,22,160,
Mace 2 ways with SB box squats,"26 May 2025, 18:40","26 May 2025, 19:11",,Mace 10-2,,EMOM,4,normal,8,20,,,,#REF!,26/05/2025,2025,5,22,160,
Mace 2 ways with SB box squats,"26 May 2025, 18:40","26 May 2025, 19:11",,Mace 10-2,,EMOM,5,normal,8,20,,,,#REF!,26/05/2025,2025,5,22,160,
Mace 2 ways with SB box squats,"26 May 2025, 18:40","26 May 2025, 19:11",,Mace 10-2,,EMOM,6,normal,8,20,,,,#REF!,26/05/2025,2025,5,22,160,
Mace 2 ways with SB box squats,"26 May 2025, 18:40","26 May 2025, 19:11",,Mace 10-2,,EMOM,7,normal,8,20,,,,#REF!,26/05/2025,2025,5,22,160,
Mace 2 ways with SB box squats,"26 May 2025, 18:40","26 May 2025, 19:11",,Mace 10-2,,EMOM,8,normal,8,20,,,,#REF!,26/05/2025,2025,5,22,160,
Mace 2 ways with SB box squats,"26 May 2025, 18:40","26 May 2025, 19:11",,Mace 10-2,,EMOM,9,normal,8,20,,,,#REF!,26/05/2025,2025,5,22,160,
Mace 2 ways with SB box squats,"28 May 2025, 08:30","28 May 2025, 09:05",,Mace Swing - 360,,,0,normal,10.5,10,,,,#REF!,28/05/2025,2025,5,22,105,
Mace 2 ways with SB box squats,"28 May 2025, 08:30","28 May 2025, 09:05",,Mace Swing - 360,,,1,normal,10.5,10,,,,#REF!,28/05/2025,2025,5,22,105,
Mace 2 ways with SB box squats,"28 May 2025, 08:30","28 May 2025, 09:05",,Mace Swing - 360,,,2,normal,10.5,10,,,,#REF!,28/05/2025,2025,5,22,105,
Mace 2 ways with SB box squats,"28 May 2025, 08:30","28 May 2025, 09:05",,Mace Swing - 360,,,3,normal,10.5,10,,,,#REF!,28/05/2025,2025,5,22,105,
Mace 2 ways with SB box squats,"28 May 2025, 08:30","28 May 2025, 09:05",,Mace Swing - 360,,,4,normal,10.5,10,,,,#REF!,28/05/2025,2025,5,22,105,
Mace 2 ways with SB box squats,"28 May 2025, 08:30","28 May 2025, 09:05",,Mace Swing - 360,,,5,normal,10.5,10,,,,#REF!,28/05/2025,2025,5,22,105,
Mace 2 ways with SB box squats,"28 May 2025, 08:30","28 May 2025, 09:05",,Mace Swing - 360,,,6,normal,10.5,10,,,,#REF!,28/05/2025,2025,5,22,105,
Mace 2 ways with SB box squats,"28 May 2025, 08:30","28 May 2025, 09:05",,Mace Swing - 360,,,7,normal,10.5,10,,,,#REF!,28/05/2025,2025,5,22,105,
Mace 2 ways with SB box squats,"28 May 2025, 08:30","28 May 2025, 09:05",,Mace Swing - 360,,,8,normal,10.5,10,,,,#REF!,28/05/2025,2025,5,22,105,
Mace 2 ways with SB box squats,"28 May 2025, 08:30","28 May 2025, 09:05",,Mace Swing - 360,,,9,normal,10.5,10,,,,#REF!,28/05/2025,2025,5,22,105,
Mace 2 ways with SB box squats,"28 May 2025, 08:30","28 May 2025, 09:05",,Mace 10-2,,,0,normal,9.2,20,,,,#REF!,28/05/2025,2025,5,22,184,
Mace 2 ways with SB box squats,"28 May 2025, 08:30","28 May 2025, 09:05",,Mace 10-2,,,1,normal,9.2,20,,,,#REF!,28/05/2025,2025,5,22,184,
Mace 2 ways with SB box squats,"28 May 2025, 08:30","28 May 2025, 09:05",,Mace 10-2,,,2,normal,9.2,20,,,,#REF!,28/05/2025,2025,5,22,184,
Mace 2 ways with SB box squats,"28 May 2025, 08:30","28 May 2025, 09:05",,Mace 10-2,,,3,normal,9.2,20,,,,#REF!,28/05/2025,2025,5,22,184,
Mace 2 ways with SB box squats,"28 May 2025, 08:30","28 May 2025, 09:05",,Mace 10-2,,,4,normal,9.2,20,,,,#REF!,28/05/2025,2025,5,22,184,
Mace 2 ways with SB box squats,"28 May 2025, 08:30","28 May 2025, 09:05",,Mace 10-2,,,5,normal,9.2,20,,,,#REF!,28/05/2025,2025,5,22,184,
Mace 2 ways with SB box squats,"28 May 2025, 08:30","28 May 2025, 09:05",,Mace 10-2,,,6,normal,9.2,20,,,,#REF!,28/05/2025,2025,5,22,184,
Mace 2 ways with SB box squats,"28 May 2025, 08:30","28 May 2025, 09:05",,Mace 10-2,,,7,normal,9.2,20,,,,#REF!,28/05/2025,2025,5,22,184,
Mace 2 ways with SB box squats,"28 May 2025, 08:30","28 May 2025, 09:05",,Mace 10-2,,,8,normal,9.2,20,,,,#REF!,28/05/2025,2025,5,22,184,
Mace 2 ways with SB box squats,"28 May 2025, 08:30","28 May 2025, 09:05",,Mace 10-2,,,9,normal,9.2,20,,,,#REF!,28/05/2025,2025,5,22,184,
Sandbag torture âï¸,"31 May 2025, 08:46","31 May 2025, 09:18",,Mace 10-2,,,0,normal,10,20,,,,#REF!,31/05/2025,2025,5,22,200,
Sandbag torture âï¸,"31 May 2025, 08:46","31 May 2025, 09:18",,Mace 10-2,,,1,normal,10,20,,,,#REF!,31/05/2025,2025,5,22,200,
Sandbag torture âï¸,"31 May 2025, 08:46","31 May 2025, 09:18",,Mace 10-2,,,2,normal,10,20,,,,#REF!,31/05/2025,2025,5,22,200,
Sandbag torture âï¸,"31 May 2025, 08:46","31 May 2025, 09:18",,Mace 10-2,,,3,normal,10,20,,,,#REF!,31/05/2025,2025,5,22,200,
Sandbag torture âï¸,"31 May 2025, 08:46","31 May 2025, 09:18",,Mace 10-2,,,4,normal,10,20,,,,#REF!,31/05/2025,2025,5,22,200,
Sandbag torture âï¸,"31 May 2025, 08:46","31 May 2025, 09:18",,Mace 10-2,,,5,normal,10,20,,,,#REF!,31/05/2025,2025,5,22,200,
Sandbag torture âï¸,"31 May 2025, 08:46","31 May 2025, 09:18",,Mace 10-2,,,6,normal,10,20,,,,#REF!,31/05/2025,2025,5,22,200,
Sandbag torture âï¸,"31 May 2025, 08:46","31 May 2025, 09:18",,Mace 10-2,,,7,normal,10,20,,,,#REF!,31/05/2025,2025,5,22,200,
Sandbag torture âï¸,"31 May 2025, 08:46","31 May 2025, 09:18",,Mace 10-2,,,8,normal,10,20,,,,#REF!,31/05/2025,2025,5,22,200,
Sandbag torture âï¸,"31 May 2025, 08:46","31 May 2025, 09:18",,Mace 10-2,,,9,normal,10,20,,,,#REF!,31/05/2025,2025,5,22,200,
Mace 2 ways EMOM,"2 Jun 2025, 18:51","2 Jun 2025, 19:32",,Mace Swing - 360,,,0,normal,10.5,10,,,,#REF!,02/06/2025,2025,6,23,105,
Mace 2 ways EMOM,"2 Jun 2025, 18:51","2 Jun 2025, 19:32",,Mace Swing - 360,,,1,normal,10.5,10,,,,#REF!,02/06/2025,2025,6,23,105,
Mace 2 ways EMOM,"2 Jun 2025, 18:51","2 Jun 2025, 19:32",,Mace Swing - 360,,,2,normal,10.5,10,,,,#REF!,02/06/2025,2025,6,23,105,
Mace 2 ways EMOM,"2 Jun 2025, 18:51","2 Jun 2025, 19:32",,Mace Swing - 360,,,3,normal,10.5,10,,,,#REF!,02/06/2025,2025,6,23,105,
Mace 2 ways EMOM,"2 Jun 2025, 18:51","2 Jun 2025, 19:32",,Mace Swing - 360,,,4,normal,10.5,10,,,,#REF!,02/06/2025,2025,6,23,105,
Mace 2 ways EMOM,"2 Jun 2025, 18:51","2 Jun 2025, 19:32",,Mace Swing - 360,,,5,normal,10.5,10,,,,#REF!,02/06/2025,2025,6,23,105,
Mace 2 ways EMOM,"2 Jun 2025, 18:51","2 Jun 2025, 19:32",,Mace Swing - 360,,,6,normal,10.5,10,,,,#REF!,02/06/2025,2025,6,23,105,
Mace 2 ways EMOM,"2 Jun 2025, 18:51","2 Jun 2025, 19:32",,Mace Swing - 360,,,7,normal,10.5,10,,,,#REF!,02/06/2025,2025,6,23,105,
Mace 2 ways EMOM,"2 Jun 2025, 18:51","2 Jun 2025, 19:32",,Mace Swing - 360,,,8,normal,10.5,10,,,,#REF!,02/06/2025,2025,6,23,105,
Mace 2 ways EMOM,"2 Jun 2025, 18:51","2 Jun 2025, 19:32",,Mace Swing - 360,,,9,normal,10.5,10,,,,#REF!,02/06/2025,2025,6,23,105,
Mace 2 ways EMOM,"2 Jun 2025, 18:51","2 Jun 2025, 19:32",,Mace Swing - 360,,,10,normal,10.5,10,,,,#REF!,02/06/2025,2025,6,23,105,
Mace 2 ways EMOM,"2 Jun 2025, 18:51","2 Jun 2025, 19:32",,Mace Swing - 360,,,11,normal,12.5,10,,,,#REF!,02/06/2025,2025,6,23,125,
Mace 2 ways EMOM,"2 Jun 2025, 18:51","2 Jun 2025, 19:32",,Mace 10-2,,,0,normal,10,20,,,,#REF!,02/06/2025,2025,6,23,200,
Mace 2 ways EMOM,"2 Jun 2025, 18:51","2 Jun 2025, 19:32",,Mace 10-2,,,1,normal,10,20,,,,#REF!,02/06/2025,2025,6,23,200,
Mace 2 ways EMOM,"2 Jun 2025, 18:51","2 Jun 2025, 19:32",,Mace 10-2,,,2,normal,10,20,,,,#REF!,02/06/2025,2025,6,23,200,
Mace 2 ways EMOM,"2 Jun 2025, 18:51","2 Jun 2025, 19:32",,Mace 10-2,,,3,normal,10,20,,,,#REF!,02/06/2025,2025,6,23,200,
Mace 2 ways EMOM,"2 Jun 2025, 18:51","2 Jun 2025, 19:32",,Mace 10-2,,,4,normal,10,20,,,,#REF!,02/06/2025,2025,6,23,200,
Mace 2 ways EMOM,"2 Jun 2025, 18:51","2 Jun 2025, 19:32",,Mace 10-2,,,5,normal,10,20,,,,#REF!,02/06/2025,2025,6,23,200,
Mace 2 ways EMOM,"2 Jun 2025, 18:51","2 Jun 2025, 19:32",,Mace 10-2,,,6,normal,10,20,,,,#REF!,02/06/2025,2025,6,23,200,
Mace 2 ways EMOM,"2 Jun 2025, 18:51","2 Jun 2025, 19:32",,Mace 10-2,,,7,normal,10,20,,,,#REF!,02/06/2025,2025,6,23,200,
Mace 2 ways EMOM,"2 Jun 2025, 18:51","2 Jun 2025, 19:32",,Mace 10-2,,,8,normal,10,20,,,,#REF!,02/06/2025,2025,6,23,200,
Mace 2 ways EMOM,"2 Jun 2025, 18:51","2 Jun 2025, 19:32",,Mace 10-2,,,9,normal,10,20,,,,#REF!,02/06/2025,2025,6,23,200,
Mace 2 ways EMOM,"2 Jun 2025, 18:51","2 Jun 2025, 19:32",,Mace 10-2,,,10,normal,10,10,,,,#REF!,02/06/2025,2025,6,23,100,
Mace 300 rounds,"3 Jun 2025, 21:27","3 Jun 2025, 21:45",,Mace 10-2,,5 min set,0,normal,7.2,198,,,,#REF!,03/06/2025,2025,6,23,1425.6,
Mace 300 5 min rounds,"6 Jun 2025, 09:37","6 Jun 2025, 10:12",,Mace 10-2,,,0,normal,7.2,194,,,,#REF!,06/06/2025,2025,6,23,1396.8,
Mace 300 5 min rounds,"6 Jun 2025, 09:37","6 Jun 2025, 10:12",,Mace 10-2,,,1,normal,7.2,180,,,,#REF!,06/06/2025,2025,6,23,1296,
Mace 300 5 min rounds,"6 Jun 2025, 09:37","6 Jun 2025, 10:12",,Mace 10-2,,,2,normal,7.2,190,,,,#REF!,06/06/2025,2025,6,23,1368,
Mace 2 ways EMOM,"6 Jun 2025, 10:39","6 Jun 2025, 11:00",,Mace Swing - 360,,,0,normal,10.5,10,,,,#REF!,06/06/2025,2025,6,23,105,
Mace 2 ways EMOM,"6 Jun 2025, 10:39","6 Jun 2025, 11:00",,Mace Swing - 360,,,1,normal,10.5,10,,,,#REF!,06/06/2025,2025,6,23,105,
Mace 2 ways EMOM,"6 Jun 2025, 10:39","6 Jun 2025, 11:00",,Mace Swing - 360,,,2,normal,10.5,10,,,,#REF!,06/06/2025,2025,6,23,105,
Mace 2 ways EMOM,"6 Jun 2025, 10:39","6 Jun 2025, 11:00",,Mace Swing - 360,,,3,normal,10.5,10,,,,#REF!,06/06/2025,2025,6,23,105,
Mace 2 ways EMOM,"6 Jun 2025, 10:39","6 Jun 2025, 11:00",,Mace Swing - 360,,,4,normal,10.5,10,,,,#REF!,06/06/2025,2025,6,23,105,
Mace 2 ways EMOM,"6 Jun 2025, 10:39","6 Jun 2025, 11:00",,Mace Swing - 360,,,5,normal,10.5,10,,,,#REF!,06/06/2025,2025,6,23,105,
Mace 2 ways EMOM,"6 Jun 2025, 10:39","6 Jun 2025, 11:00",,Mace Swing - 360,,,6,normal,10.5,10,,,,#REF!,06/06/2025,2025,6,23,105,
Mace 2 ways EMOM,"6 Jun 2025, 10:39","6 Jun 2025, 11:00",,Mace Swing - 360,,,7,normal,10.5,10,,,,#REF!,06/06/2025,2025,6,23,105,
Mace 2 ways EMOM,"6 Jun 2025, 10:39","6 Jun 2025, 11:00",,Mace Swing - 360,,,8,normal,10.5,10,,,,#REF!,06/06/2025,2025,6,23,105,
Mace 2 ways EMOM,"6 Jun 2025, 10:39","6 Jun 2025, 11:00",,Mace Swing - 360,,,9,normal,10.5,10,,,,#REF!,06/06/2025,2025,6,23,105,
Mace 2 ways EMOM,"6 Jun 2025, 10:39","6 Jun 2025, 11:00",,Mace Swing - 360,,,10,normal,10.5,10,,,,#REF!,06/06/2025,2025,6,23,105,
Mace 2 ways EMOM,"6 Jun 2025, 10:39","6 Jun 2025, 11:00",,Mace Swing - 360,,,11,normal,12.5,10,,,,#REF!,06/06/2025,2025,6,23,125,
Mace 360 EMOM,"8 Jun 2025, 13:04","8 Jun 2025, 13:28",,Mace Swing - 360,,,0,normal,10.5,10,,,,#REF!,08/06/2025,2025,6,24,105,
Mace 360 EMOM,"8 Jun 2025, 13:04","8 Jun 2025, 13:28",,Mace Swing - 360,,,1,normal,10.5,10,,,,#REF!,08/06/2025,2025,6,24,105,
Mace 360 EMOM,"8 Jun 2025, 13:04","8 Jun 2025, 13:28",,Mace Swing - 360,,,2,normal,10.5,10,,,,#REF!,08/06/2025,2025,6,24,105,
Mace 360 EMOM,"8 Jun 2025, 13:04","8 Jun 2025, 13:28",,Mace Swing - 360,,,3,normal,10.5,10,,,,#REF!,08/06/2025,2025,6,24,105,
Mace 360 EMOM,"8 Jun 2025, 13:04","8 Jun 2025, 13:28",,Mace Swing - 360,,,4,normal,10.5,10,,,,#REF!,08/06/2025,2025,6,24,105,
Mace 360 EMOM,"8 Jun 2025, 13:04","8 Jun 2025, 13:28",,Mace Swing - 360,,,5,normal,10.5,10,,,,#REF!,08/06/2025,2025,6,24,105,
Mace 360 EMOM,"8 Jun 2025, 13:04","8 Jun 2025, 13:28",,Mace Swing - 360,,,6,normal,10.5,10,,,,#REF!,08/06/2025,2025,6,24,105,
Mace 360 EMOM,"8 Jun 2025, 13:04","8 Jun 2025, 13:28",,Mace Swing - 360,,,7,normal,10.5,10,,,,#REF!,08/06/2025,2025,6,24,105,
Mace 360 EMOM,"8 Jun 2025, 13:04","8 Jun 2025, 13:28",,Mace Swing - 360,,,8,normal,10.5,10,,,,#REF!,08/06/2025,2025,6,24,105,
Mace 360 EMOM,"8 Jun 2025, 13:04","8 Jun 2025, 13:28",,Mace Swing - 360,,,9,normal,10.5,10,,,,#REF!,08/06/2025,2025,6,24,105,
Mace 360 EMOM,"8 Jun 2025, 13:04","8 Jun 2025, 13:28",,Mace Swing - 360,,,10,normal,10.5,10,,,,#REF!,08/06/2025,2025,6,24,105,
Mace 360 EMOM,"8 Jun 2025, 13:04","8 Jun 2025, 13:28",,Mace Swing - 360,,,11,normal,10.5,10,,,,#REF!,08/06/2025,2025,6,24,105,
Mace 360 EMOM,"8 Jun 2025, 13:04","8 Jun 2025, 13:28",,Mace Swing - 360,,,12,normal,10.5,32,,,,#REF!,08/06/2025,2025,6,24,336,
Single 5 min flight,"9 Jun 2025, 13:45","9 Jun 2025, 13:46",,Mace 10-2,,,0,normal,10,148,,,,#REF!,09/06/2025,2025,6,24,1480,
Mace 300 rounds,"22 Jun 2025, 08:45","22 Jun 2025, 09:51",,Mace 10-2,,,0,normal,7.2,150,,,,#REF!,22/06/2025,2025,6,26,1080,
Mace 300 rounds,"22 Jun 2025, 08:45","22 Jun 2025, 09:51",,Mace 10-2,,,1,normal,10,93,,,,#REF!,22/06/2025,2025,6,26,930,
Mace 300 rounds,"22 Jun 2025, 08:45","22 Jun 2025, 09:51",,Mace 10-2,,,2,normal,10,100,,,,#REF!,22/06/2025,2025,6,26,1000,
Mace 300 rounds,"22 Jun 2025, 08:45","22 Jun 2025, 09:51",,Mace 10-2,,,3,normal,10,30,,,,#REF!,22/06/2025,2025,6,26,300,
Mace 2 ways EMOM,"25 Jun 2025, 20:51","25 Jun 2025, 21:29",,Mace Swing - 360,,,0,normal,10.5,10,,,,#REF!,25/06/2025,2025,6,26,105,
Mace 2 ways EMOM,"25 Jun 2025, 20:51","25 Jun 2025, 21:29",,Mace Swing - 360,,,1,normal,10.5,10,,,,#REF!,25/06/2025,2025,6,26,105,
Mace 2 ways EMOM,"25 Jun 2025, 20:51","25 Jun 2025, 21:29",,Mace Swing - 360,,,2,normal,10.5,10,,,,#REF!,25/06/2025,2025,6,26,105,
Mace 2 ways EMOM,"25 Jun 2025, 20:51","25 Jun 2025, 21:29",,Mace Swing - 360,,,3,normal,10.5,10,,,,#REF!,25/06/2025,2025,6,26,105,
Mace 2 ways EMOM,"25 Jun 2025, 20:51","25 Jun 2025, 21:29",,Mace Swing - 360,,,4,normal,10.5,10,,,,#REF!,25/06/2025,2025,6,26,105,
Mace 2 ways EMOM,"25 Jun 2025, 20:51","25 Jun 2025, 21:29",,Mace Swing - 360,,,5,normal,10.5,10,,,,#REF!,25/06/2025,2025,6,26,105,
Mace 2 ways EMOM,"25 Jun 2025, 20:51","25 Jun 2025, 21:29",,Mace Swing - 360,,,6,normal,10.5,10,,,,#REF!,25/06/2025,2025,6,26,105,
Mace 2 ways EMOM,"25 Jun 2025, 20:51","25 Jun 2025, 21:29",,Mace Swing - 360,,,7,normal,10.5,10,,,,#REF!,25/06/2025,2025,6,26,105,
Mace 2 ways EMOM,"25 Jun 2025, 20:51","25 Jun 2025, 21:29",,Mace Swing - 360,,,8,normal,10.5,10,,,,#REF!,25/06/2025,2025,6,26,105,
Mace 2 ways EMOM,"25 Jun 2025, 20:51","25 Jun 2025, 21:29",,Mace Swing - 360,,,9,normal,10.5,10,,,,#REF!,25/06/2025,2025,6,26,105,
Mace 2 ways EMOM,"25 Jun 2025, 20:51","25 Jun 2025, 21:29",,Mace Swing - 360,,,10,normal,10.5,10,,,,#REF!,25/06/2025,2025,6,26,105,
Mace 2 ways EMOM,"25 Jun 2025, 20:51","25 Jun 2025, 21:29",,Mace Swing - 360,,,11,normal,10.5,10,,,,#REF!,25/06/2025,2025,6,26,105,
Mace 2 ways EMOM,"25 Jun 2025, 20:51","25 Jun 2025, 21:29",,Mace Swing - 360,,,12,normal,10.5,10,,,,#REF!,25/06/2025,2025,6,26,105,
Mace 2 ways EMOM,"25 Jun 2025, 20:51","25 Jun 2025, 21:29",,Mace Swing - 360,,,13,normal,10.5,10,,,,#REF!,25/06/2025,2025,6,26,105,
Mace 2 ways EMOM,"25 Jun 2025, 20:51","25 Jun 2025, 21:29",,Mace 10-2,,,0,normal,10,20,,,,#REF!,25/06/2025,2025,6,26,200,
Mace 2 ways EMOM,"25 Jun 2025, 20:51","25 Jun 2025, 21:29",,Mace 10-2,,,1,normal,10,20,,,,#REF!,25/06/2025,2025,6,26,200,
Mace 2 ways EMOM,"25 Jun 2025, 20:51","25 Jun 2025, 21:29",,Mace 10-2,,,2,normal,10,20,,,,#REF!,25/06/2025,2025,6,26,200,
Mace 2 ways EMOM,"25 Jun 2025, 20:51","25 Jun 2025, 21:29",,Mace 10-2,,,3,normal,10,20,,,,#REF!,25/06/2025,2025,6,26,200,
Mace 2 ways EMOM,"25 Jun 2025, 20:51","25 Jun 2025, 21:29",,Mace 10-2,,,4,normal,10,20,,,,#REF!,25/06/2025,2025,6,26,200,
Mace 2 ways EMOM,"25 Jun 2025, 20:51","25 Jun 2025, 21:29",,Mace 10-2,,,5,normal,10,20,,,,#REF!,25/06/2025,2025,6,26,200,
Mace 2 ways EMOM,"25 Jun 2025, 20:51","25 Jun 2025, 21:29",,Mace 10-2,,,6,normal,10,20,,,,#REF!,25/06/2025,2025,6,26,200,
Mace 2 ways EMOM,"25 Jun 2025, 20:51","25 Jun 2025, 21:29",,Mace 10-2,,,7,normal,10,20,,,,#REF!,25/06/2025,2025,6,26,200,
Mace 2 ways EMOM,"25 Jun 2025, 20:51","25 Jun 2025, 21:29",,Mace 10-2,,,8,normal,10,20,,,,#REF!,25/06/2025,2025,6,26,200,
Mace 2 ways EMOM,"25 Jun 2025, 20:51","25 Jun 2025, 21:29",,Mace 10-2,,,9,normal,10,20,,,,#REF!,25/06/2025,2025,6,26,200,
Mace 2 ways EMOM,"25 Jun 2025, 20:51","25 Jun 2025, 21:29",,Mace 10-2,,,10,normal,10,20,,,,#REF!,25/06/2025,2025,6,26,200,
Mace 2 ways EMOM,"25 Jun 2025, 20:51","25 Jun 2025, 21:29",,Mace 10-2,,,11,normal,10,20,,,,#REF!,25/06/2025,2025,6,26,200,
Mace 2 ways EMOM,"25 Jun 2025, 20:51","25 Jun 2025, 21:29",,Mace 10-2,,,12,normal,10,20,,,,#REF!,25/06/2025,2025,6,26,200,
Mace 2 ways EMOM,"25 Jun 2025, 20:51","25 Jun 2025, 21:29",,Mace 10-2,,,13,normal,10,20,,,,#REF!,25/06/2025,2025,6,26,200,
Mace 300 rounds,"29 Jun 2025, 18:27","29 Jun 2025, 18:52",,Mace 10-2,,,0,normal,7.2,200,,,,#REF!,29/06/2025,2025,6,27,1440,
Mace 300 rounds,"29 Jun 2025, 18:27","29 Jun 2025, 18:52",,Mace 10-2,,,1,normal,7.2,200,,,,#REF!,29/06/2025,2025,6,27,1440,
Mace 300 rounds,"29 Jun 2025, 18:27","29 Jun 2025, 18:52",,Mace 10-2,,,2,normal,7.2,200,,,,#REF!,29/06/2025,2025,6,27,1440,
Morning workout âï¸,"3 Jul 2025, 06:45","3 Jul 2025, 07:05",,Mace 10-2,,,0,normal,7.2,200,,,,#REF!,03/07/2025,2025,7,27,1440,
Morning workout âï¸,"3 Jul 2025, 06:45","3 Jul 2025, 07:05",,Mace 10-2,,,1,normal,10,200,,,,#REF!,03/07/2025,2025,7,27,2000,
Morning workout âï¸,"3 Jul 2025, 06:45","3 Jul 2025, 07:05",,Mace 10-2,,,2,normal,10,153,,,,#REF!,03/07/2025,2025,7,27,1530,
Mace benchmarks 10-2,"4 Jul 2025, 14:37","4 Jul 2025, 15:23",,Mace 10-2,,,0,normal,8,400,,,,#REF!,04/07/2025,2025,7,27,3200,
Mace benchmarks 10-2,"4 Jul 2025, 14:37","4 Jul 2025, 15:23",,Mace 10-2,,,1,normal,8,40,,,,#REF!,04/07/2025,2025,7,27,320,
Mace benchmarks 10-2,"4 Jul 2025, 14:37","4 Jul 2025, 15:23",,Mace 10-2,,,2,normal,8,189,,,,#REF!,04/07/2025,2025,7,27,1512,
Mace benchmarks 10-2,"4 Jul 2025, 14:37","4 Jul 2025, 15:23",,Mace 10-2,,,3,normal,8,186,,,,#REF!,04/07/2025,2025,7,27,1488,
Afternoon workout ðª,"6 Jul 2025, 14:07","6 Jul 2025, 15:02",,Mace 10-2,,5 min flights,0,normal,8,177,,,,#REF!,06/07/2025,2025,7,28,1416,
Afternoon workout ðª,"6 Jul 2025, 14:07","6 Jul 2025, 15:02",,Mace 10-2,,5 min flights,1,normal,10,177,,,,#REF!,06/07/2025,2025,7,28,1770,
Afternoon workout ðª,"6 Jul 2025, 14:07","6 Jul 2025, 15:02",,Mace 10-2,,5 min flights,2,normal,10,169,,,,#REF!,06/07/2025,2025,7,28,1690,
Afternoon workout ðª,"6 Jul 2025, 14:07","6 Jul 2025, 15:02",,Mace 10-2,,5 min flights,3,normal,10,146,,,,#REF!,06/07/2025,2025,7,28,1460,
Morning workout âï¸,"14 Jul 2025, 10:06","14 Jul 2025, 11:30",,Mace 10-2,,,0,normal,8.5,187,,,,#REF!,14/07/2025,2025,7,29,1589.5,
Morning workout âï¸,"14 Jul 2025, 10:06","14 Jul 2025, 11:30",,Mace 10-2,,,1,normal,10,183,,,,#REF!,14/07/2025,2025,7,29,1830,
Morning workout âï¸,"14 Jul 2025, 10:06","14 Jul 2025, 11:30",,Mace 10-2,,,2,normal,10,150,,,,#REF!,14/07/2025,2025,7,29,1500,
Evening workout ðï¸,"19 Jul 2025, 18:32","19 Jul 2025, 19:21",,Mace 10-2,,,0,normal,4.5,206,,,,#REF!,19/07/2025,2025,7,29,927,
Evening workout ðï¸,"19 Jul 2025, 18:32","19 Jul 2025, 19:21",,Mace 10-2,,,1,normal,5,212,,,,#REF!,19/07/2025,2025,7,29,1060,
Evening workout ðï¸,"19 Jul 2025, 18:32","19 Jul 2025, 19:21",,Mace 10-2,,,2,normal,10,180,,,,#REF!,19/07/2025,2025,7,29,1800,
Afternoon workout ðª,"20 Jul 2025, 15:15","20 Jul 2025, 16:26",,Mace 10-2,,,0,normal,8,195,,,,#REF!,20/07/2025,2025,7,30,1560,
Afternoon workout ðª,"20 Jul 2025, 15:15","20 Jul 2025, 16:26",,Mace 10-2,,,1,normal,8,201,,,,#REF!,20/07/2025,2025,7,30,1608,
Afternoon workout ðª,"20 Jul 2025, 15:15","20 Jul 2025, 16:26",,Mace 10-2,,,2,normal,10,182,,,,#REF!,20/07/2025,2025,7,30,1820,
Afternoon workout ðª,"20 Jul 2025, 15:15","20 Jul 2025, 16:26",,Mace 10-2,,,3,normal,10,174,,,,#REF!,20/07/2025,2025,7,30,1740,
King of the Swing Mace Comp,"27 Jul 2025, 12:28","27 Jul 2025, 15:12",,Mace 10-2,,,0,normal,5,130,,,,#REF!,27/07/2025,2025,7,31,650,
King of the Swing Mace Comp,"27 Jul 2025, 12:28","27 Jul 2025, 15:12",,Mace 10-2,,,1,normal,7,222,,,,#REF!,27/07/2025,2025,7,31,1554,
King of the Swing Mace Comp,"27 Jul 2025, 12:28","27 Jul 2025, 15:12",,Mace 10-2,,,2,normal,10,200,,,,#REF!,27/07/2025,2025,7,31,2000,
King of the Swing Mace Comp,"27 Jul 2025, 12:28","27 Jul 2025, 15:12",,Mace 10-2,,,3,normal,10,202,,,,#REF!,27/07/2025,2025,7,31,2020,
King of the Swing Mace Comp,"27 Jul 2025, 12:28","27 Jul 2025, 15:12",,Mace 10-2,,,4,normal,10,207,,,,#REF!,27/07/2025,2025,7,31,2070,
Mace EMOM & KB juggling,"12 Aug 2025, 19:27","12 Aug 2025, 20:14",,Mace Swing - 360,,,0,normal,11.2,10,,,,#REF!,12/08/2025,2025,8,33,112,
Mace EMOM & KB juggling,"12 Aug 2025, 19:27","12 Aug 2025, 20:14",,Mace Swing - 360,,,1,normal,11.2,10,,,,#REF!,12/08/2025,2025,8,33,112,
Mace EMOM & KB juggling,"12 Aug 2025, 19:27","12 Aug 2025, 20:14",,Mace Swing - 360,,,2,normal,11.2,10,,,,#REF!,12/08/2025,2025,8,33,112,
Mace EMOM & KB juggling,"12 Aug 2025, 19:27","12 Aug 2025, 20:14",,Mace Swing - 360,,,3,normal,11.2,10,,,,#REF!,12/08/2025,2025,8,33,112,
Mace EMOM & KB juggling,"12 Aug 2025, 19:27","12 Aug 2025, 20:14",,Mace Swing - 360,,,4,normal,11.2,10,,,,#REF!,12/08/2025,2025,8,33,112,
Mace EMOM & KB juggling,"12 Aug 2025, 19:27","12 Aug 2025, 20:14",,Mace Swing - 360,,,5,normal,11.2,10,,,,#REF!,12/08/2025,2025,8,33,112,
Mace EMOM & KB juggling,"12 Aug 2025, 19:27","12 Aug 2025, 20:14",,Mace Swing - 360,,,6,normal,11.2,10,,,,#REF!,12/08/2025,2025,8,33,112,
Mace EMOM & KB juggling,"12 Aug 2025, 19:27","12 Aug 2025, 20:14",,Mace Swing - 360,,,7,normal,11.2,10,,,,#REF!,12/08/2025,2025,8,33,112,
Mace EMOM & KB juggling,"12 Aug 2025, 19:27","12 Aug 2025, 20:14",,Mace Swing - 360,,,8,normal,11.2,10,,,,#REF!,12/08/2025,2025,8,33,112,
Mace EMOM & KB juggling,"12 Aug 2025, 19:27","12 Aug 2025, 20:14",,Mace Swing - 360,,,9,normal,11.2,10,,,,#REF!,12/08/2025,2025,8,33,112,
Mace EMOM & KB juggling,"12 Aug 2025, 19:27","12 Aug 2025, 20:14",,Mace Swing - 360,,,10,normal,11.2,10,,,,#REF!,12/08/2025,2025,8,33,112,
Mace EMOM & KB juggling,"12 Aug 2025, 19:27","12 Aug 2025, 20:14",,Mace Swing - 360,,,11,normal,11.2,10,,,,#REF!,12/08/2025,2025,8,33,112,
Mace EMOM & KB juggling,"12 Aug 2025, 19:27","12 Aug 2025, 20:14",,Mace Swing - 360,,,12,normal,11.2,10,,,,#REF!,12/08/2025,2025,8,33,112,
Mace EMOM & KB juggling,"12 Aug 2025, 19:27","12 Aug 2025, 20:14",,Mace Swing - 360,,,13,normal,11.2,10,,,,#REF!,12/08/2025,2025,8,33,112,
Mace EMOM & KB juggling,"12 Aug 2025, 19:27","12 Aug 2025, 20:14",,Mace Swing - 360,,,14,normal,11.2,10,,,,#REF!,12/08/2025,2025,8,33,112,
Afternoon workout ðª,"29 Aug 2025, 16:22","29 Aug 2025, 16:46",,Kettlebell Snatch,,,0,normal,8,40,,0,,#REF!,29/08/2025,2025,8,35,320,
Afternoon workout ðª,"29 Aug 2025, 16:22","29 Aug 2025, 16:46",,Kettlebell Snatch,,,1,normal,8,40,,0,,#REF!,29/08/2025,2025,8,35,320,
Afternoon workout ðª,"29 Aug 2025, 16:22","29 Aug 2025, 16:46",,Kettlebell Snatch,,,2,normal,8,40,,0,,#REF!,29/08/2025,2025,8,35,320,
Afternoon workout ðª,"29 Aug 2025, 16:22","29 Aug 2025, 16:46",,Mace 10-2,,,0,normal,8,200,,0,,#REF!,29/08/2025,2025,8,35,1600,
Mace 10-2 5 min flights,"30 Aug 2025, 19:00","30 Aug 2025, 19:15",,Mace 10-2,,,0,normal,8,195,,,,#REF!,30/08/2025,2025,8,35,1560,
Mace 10-2 5 min flights,"30 Aug 2025, 19:00","30 Aug 2025, 19:15",,Mace 10-2,,,1,normal,8,198,,,,#REF!,30/08/2025,2025,8,35,1584,
Post virus session,"4 Sep 2025, 18:48","4 Sep 2025, 19:23",,Mace 10-2,,,0,normal,8,100,,,,#REF!,04/09/2025,2025,9,36,800,
Post virus session,"4 Sep 2025, 18:48","4 Sep 2025, 19:23",,Mace 10-2,,,1,normal,8,100,,,,#REF!,04/09/2025,2025,9,36,800,
Post virus session,"4 Sep 2025, 18:48","4 Sep 2025, 19:23",,Mace 10-2,,,2,normal,10,100,,,,#REF!,04/09/2025,2025,9,36,1000,
Heavy sets and undulating ladders âï¸,"21 Sep 2025, 09:01","21 Sep 2025, 09:55",,Mace 10-2,,Failed at the 16.5 attempt. Lost all momentum.,0,normal,8,20,,,,#REF!,21/09/2025,2025,9,39,160,
Heavy sets and undulating ladders âï¸,"21 Sep 2025, 09:01","21 Sep 2025, 09:55",,Mace 10-2,,Failed at the 16.5 attempt. Lost all momentum.,1,normal,10,10,,,,#REF!,21/09/2025,2025,9,39,100,
Heavy sets and undulating ladders âï¸,"21 Sep 2025, 09:01","21 Sep 2025, 09:55",,Mace 10-2,,Failed at the 16.5 attempt. Lost all momentum.,2,normal,12.5,10,,,,#REF!,21/09/2025,2025,9,39,125,
Heavy sets and undulating ladders âï¸,"21 Sep 2025, 09:01","21 Sep 2025, 09:55",,Mace 10-2,,Failed at the 16.5 attempt. Lost all momentum.,3,normal,14,10,,,,#REF!,21/09/2025,2025,9,39,140,
Heavy sets and undulating ladders âï¸,"21 Sep 2025, 09:01","21 Sep 2025, 09:55",,Mace 10-2,,Failed at the 16.5 attempt. Lost all momentum.,4,normal,16.5,1,,,,#REF!,21/09/2025,2025,9,39,16.5,
Heavy sets and undulating ladders âï¸,"21 Sep 2025, 09:01","21 Sep 2025, 09:55",,Mace 10-2,,Failed at the 16.5 attempt. Lost all momentum.,5,normal,10,10,,,,#REF!,21/09/2025,2025,9,39,100,
Heavy sets and undulating ladders âï¸,"21 Sep 2025, 09:01","21 Sep 2025, 09:55",,Mace 10-2,,Failed at the 16.5 attempt. Lost all momentum.,6,normal,10,20,,,,#REF!,21/09/2025,2025,9,39,200,
Heavy sets and undulating ladders âï¸,"21 Sep 2025, 09:01","21 Sep 2025, 09:55",,Mace 10-2,,Failed at the 16.5 attempt. Lost all momentum.,7,normal,10,30,,,,#REF!,21/09/2025,2025,9,39,300,
Heavy sets and undulating ladders âï¸,"21 Sep 2025, 09:01","21 Sep 2025, 09:55",,Mace 10-2,,Failed at the 16.5 attempt. Lost all momentum.,8,normal,10,40,,,,#REF!,21/09/2025,2025,9,39,400,
Heavy sets and undulating ladders âï¸,"21 Sep 2025, 09:01","21 Sep 2025, 09:55",,Mace 10-2,,Failed at the 16.5 attempt. Lost all momentum.,9,normal,10,30,,,,#REF!,21/09/2025,2025,9,39,300,
Heavy sets and undulating ladders âï¸,"21 Sep 2025, 09:01","21 Sep 2025, 09:55",,Mace 10-2,,Failed at the 16.5 attempt. Lost all momentum.,10,normal,10,20,,,,#REF!,21/09/2025,2025,9,39,200,
Heavy sets and undulating ladders âï¸,"21 Sep 2025, 09:01","21 Sep 2025, 09:55",,Mace 10-2,,Failed at the 16.5 attempt. Lost all momentum.,11,normal,10,10,,,,#REF!,21/09/2025,2025,9,39,100,
Heavy sets and undulating ladders âï¸,"21 Sep 2025, 09:01","21 Sep 2025, 09:55",,Mace 10-2,,Failed at the 16.5 attempt. Lost all momentum.,12,normal,10,20,,,,#REF!,21/09/2025,2025,9,39,200,
Heavy sets and undulating ladders âï¸,"21 Sep 2025, 09:01","21 Sep 2025, 09:55",,Mace 10-2,,Failed at the 16.5 attempt. Lost all momentum.,13,normal,10,30,,,,#REF!,21/09/2025,2025,9,39,300,
Heavy sets and undulating ladders âï¸,"21 Sep 2025, 09:01","21 Sep 2025, 09:55",,Mace 10-2,,Failed at the 16.5 attempt. Lost all momentum.,14,normal,9.9,20,,,,#REF!,21/09/2025,2025,9,39,198,
Heavy sets and undulating ladders âï¸,"21 Sep 2025, 09:01","21 Sep 2025, 09:55",,Mace 10-2,,Failed at the 16.5 attempt. Lost all momentum.,15,normal,9.9,10,,,,#REF!,21/09/2025,2025,9,39,99,
Heavy sets and undulating ladders âï¸,"21 Sep 2025, 09:01","21 Sep 2025, 09:55",,Mace 10-2,,Failed at the 16.5 attempt. Lost all momentum.,16,normal,9.9,20,,,,#REF!,21/09/2025,2025,9,39,198,
Heavy sets and undulating ladders âï¸,"21 Sep 2025, 09:01","21 Sep 2025, 09:55",,Mace 10-2,,Failed at the 16.5 attempt. Lost all momentum.,17,normal,7.1,10,,,,#REF!,21/09/2025,2025,9,39,71,
Single arm 10-2 and kb marathon prep,"25 Sep 2025, 19:24","25 Sep 2025, 19:44",,Mace 10-2 1H,,Finding the weight that I can build from. I think 5kg is it. Left hand is dodgy.,0,normal,4,25,,,,#REF!,25/09/2025,2025,9,39,100,
Single arm 10-2 and kb marathon prep,"25 Sep 2025, 19:24","25 Sep 2025, 19:44",,Mace 10-2 1H,,Finding the weight that I can build from. I think 5kg is it. Left hand is dodgy.,1,normal,6,20,,,,#REF!,25/09/2025,2025,9,39,120,
Single arm 10-2 and kb marathon prep,"25 Sep 2025, 19:24","25 Sep 2025, 19:44",,Mace 10-2 1H,,Finding the weight that I can build from. I think 5kg is it. Left hand is dodgy.,2,normal,5,47,,,,#REF!,25/09/2025,2025,9,39,235,
More partner sandbagging,"6 Oct 2025, 12:41","6 Oct 2025, 13:09",,Mace 10-2 1H,,,0,normal,4,100,,,,#REF!,06/10/2025,2025,10,41,400,
More partner sandbagging,"6 Oct 2025, 12:41","6 Oct 2025, 13:09",,Mace 10-2,,,0,normal,8,100,,,,#REF!,06/10/2025,2025,10,41,800,
Macing 3 ways,"7 Oct 2025, 19:46","7 Oct 2025, 20:12",,Mace 10-2 1H,,,0,normal,4,100,,,,#REF!,07/10/2025,2025,10,41,400,
Macing 3 ways,"7 Oct 2025, 19:46","7 Oct 2025, 20:12",,Mace 10-2 1H,,,1,normal,5.25,50,,,,#REF!,07/10/2025,2025,10,41,262.5,
Macing 3 ways,"7 Oct 2025, 19:46","7 Oct 2025, 20:12",,Mace 10-2,,,0,normal,8,100,,,,#REF!,07/10/2025,2025,10,41,800,
Macing 3 ways,"7 Oct 2025, 19:46","7 Oct 2025, 20:12",,Mace 10-2,,,1,normal,10,100,,,,#REF!,07/10/2025,2025,10,41,1000,
Macing 3 ways,"7 Oct 2025, 19:46","7 Oct 2025, 20:12",,Mace Swing - 360,,,0,normal,11.75,15,,,,#REF!,07/10/2025,2025,10,41,176.25,
Afternoon workout ðª,"11 Oct 2025, 13:16","11 Oct 2025, 13:42",,Mace 10-2 1H,,,0,normal,4,100,,,,#REF!,11/10/2025,2025,10,41,400,
Afternoon workout ðª,"11 Oct 2025, 13:16","11 Oct 2025, 13:42",,Mace 10-2 1H,,,1,normal,5.25,30,,,,#REF!,11/10/2025,2025,10,41,157.5,
Afternoon workout ðª,"11 Oct 2025, 13:16","11 Oct 2025, 13:42",,Mace 10-2,,,0,normal,8,100,,,,#REF!,11/10/2025,2025,10,41,800,
Afternoon workout ðª,"11 Oct 2025, 13:16","11 Oct 2025, 13:42",,Mace 10-2,,,1,normal,10,100,,,,#REF!,11/10/2025,2025,10,41,1000,
Afternoon workout ðª,"11 Oct 2025, 13:16","11 Oct 2025, 13:42",,Mace 10-2,,,2,normal,12,35,,,,#REF!,11/10/2025,2025,10,41,420,
Afternoon workout ðª,"11 Oct 2025, 13:16","11 Oct 2025, 13:42",,Mace 10-2,,,3,normal,12,15,,,,#REF!,11/10/2025,2025,10,41,180,
Heavy mace,"14 Oct 2025, 19:08","14 Oct 2025, 19:30",,Mace 10-2 1H,,,0,normal,4,200,,,,#REF!,14/10/2025,2025,10,42,800,
Heavy mace,"14 Oct 2025, 19:08","14 Oct 2025, 19:30",,Mace 10-2 1H,,,1,normal,4,100,,,,#REF!,14/10/2025,2025,10,42,400,
Heavy mace,"14 Oct 2025, 19:08","14 Oct 2025, 19:30",,Mace 10-2 1H,,,2,normal,5,25,,,,#REF!,14/10/2025,2025,10,42,125,
Heavy mace,"14 Oct 2025, 19:08","14 Oct 2025, 19:30",,Mace 10-2,,,0,normal,8,100,,,,#REF!,14/10/2025,2025,10,42,800,
Heavy mace,"14 Oct 2025, 19:08","14 Oct 2025, 19:30",,Mace 10-2,,,1,normal,10.5,50,,,,#REF!,14/10/2025,2025,10,42,525,
Heavy mace,"14 Oct 2025, 19:08","14 Oct 2025, 19:30",,Mace 10-2,,,2,normal,11.5,37,,,,#REF!,14/10/2025,2025,10,42,425.5,
Heavy mace,"14 Oct 2025, 19:08","14 Oct 2025, 19:30",,Mace 10-2,,,3,normal,12.8,16,,,,#REF!,14/10/2025,2025,10,42,204.8,
Heavy mace,"14 Oct 2025, 19:08","14 Oct 2025, 19:30",,Mace 10-2,,,4,normal,14,20,,,,#REF!,14/10/2025,2025,10,42,280,
Failure to launch,"17 Oct 2025, 12:00","17 Oct 2025, 13:09",3 failed attempts at 15.5kg,Mace 10-2 1H,,,0,normal,3,300,,,,#REF!,17/10/2025,2025,10,42,900,
Failure to launch,"17 Oct 2025, 12:00","17 Oct 2025, 13:09",3 failed attempts at 15.5kg,Mace 10-2,,Failed to launch at 15.5kg after 3 attempts,0,normal,8,100,,,,#REF!,17/10/2025,2025,10,42,800,
Failure to launch,"17 Oct 2025, 12:00","17 Oct 2025, 13:09",3 failed attempts at 15.5kg,Mace 10-2,,Failed to launch at 15.5kg after 3 attempts,1,normal,10.5,93,,,,#REF!,17/10/2025,2025,10,42,976.5,
Failure to launch,"17 Oct 2025, 12:00","17 Oct 2025, 13:09",3 failed attempts at 15.5kg,Mace 10-2,,Failed to launch at 15.5kg after 3 attempts,2,normal,11.75,50,,,,#REF!,17/10/2025,2025,10,42,587.5,
Failure to launch,"17 Oct 2025, 12:00","17 Oct 2025, 13:09",3 failed attempts at 15.5kg,Mace 10-2,,Failed to launch at 15.5kg after 3 attempts,3,normal,13,20,,,,#REF!,17/10/2025,2025,10,42,260,
Failure to launch,"17 Oct 2025, 12:00","17 Oct 2025, 13:09",3 failed attempts at 15.5kg,Mace 10-2,,Failed to launch at 15.5kg after 3 attempts,4,normal,14.25,20,,,,#REF!,17/10/2025,2025,10,42,285,
Mace volume,"21 Oct 2025, 18:34","21 Oct 2025, 19:04",,Mace 10-2 1H,,,0,normal,4,300,,,,#REF!,21/10/2025,2025,10,43,1200,
Mace volume,"21 Oct 2025, 18:34","21 Oct 2025, 19:04",,Mace 10-2,,,0,normal,8,100,,,,#REF!,21/10/2025,2025,10,43,800,
Mace volume,"21 Oct 2025, 18:34","21 Oct 2025, 19:04",,Mace 10-2,,,1,normal,8,100,,,,#REF!,21/10/2025,2025,10,43,800,
Mace volume,"21 Oct 2025, 18:34","21 Oct 2025, 19:04",,Mace 10-2,,,2,normal,8,100,,,,#REF!,21/10/2025,2025,10,43,800,
Mace volume,"21 Oct 2025, 18:34","21 Oct 2025, 19:04",,Mace 10-2,,,3,normal,8,100,,,,#REF!,21/10/2025,2025,10,43,800,
Mace volume,"21 Oct 2025, 18:34","21 Oct 2025, 19:04",,Mace 10-2,,,4,normal,8,100,,,,#REF!,21/10/2025,2025,10,43,800,
More Mace volume,"23 Oct 2025, 19:22","23 Oct 2025, 20:11",,Mace 10-2 1H,,,0,normal,4,300,,,,#REF!,23/10/2025,2025,10,43,1200,
More Mace volume,"23 Oct 2025, 19:22","23 Oct 2025, 20:11",,Mace 10-2,,,0,normal,8,100,,,,#REF!,23/10/2025,2025,10,43,800,
More Mace volume,"23 Oct 2025, 19:22","23 Oct 2025, 20:11",,Mace 10-2,,,1,normal,8,100,,,,#REF!,23/10/2025,2025,10,43,800,
More Mace volume,"23 Oct 2025, 19:22","23 Oct 2025, 20:11",,Mace 10-2,,,2,normal,8,100,,,,#REF!,23/10/2025,2025,10,43,800,
More Mace volume,"23 Oct 2025, 19:22","23 Oct 2025, 20:11",,Mace 10-2,,,3,normal,8,100,,,,#REF!,23/10/2025,2025,10,43,800,
More Mace volume,"23 Oct 2025, 19:22","23 Oct 2025, 20:11",,Mace 10-2,,,4,normal,8,100,,,,#REF!,23/10/2025,2025,10,43,800,
500 continuous session,"24 Oct 2025, 13:30","24 Oct 2025, 13:57",,Mace 10-2 1H,,,0,normal,4,300,,,,#REF!,24/10/2025,2025,10,43,1200,
500 continuous session,"24 Oct 2025, 13:30","24 Oct 2025, 13:57",,Mace 10-2,,14 mins for 500,0,normal,8,500,,,,#REF!,24/10/2025,2025,10,43,4000,
30 min zone 2 mace,"26 Oct 2025, 14:35","26 Oct 2025, 15:06",Nasal breathing only alternating between single arm 4kg and standard at 8kg,Mace 10-2 1H,,,0,normal,4,166,,,,#REF!,26/10/2025,2025,10,44,664,
30 min zone 2 mace,"26 Oct 2025, 14:35","26 Oct 2025, 15:06",Nasal breathing only alternating between single arm 4kg and standard at 8kg,Mace 10-2 1H,,,1,normal,4,135,,,,#REF!,26/10/2025,2025,10,44,540,
30 min zone 2 mace,"26 Oct 2025, 14:35","26 Oct 2025, 15:06",Nasal breathing only alternating between single arm 4kg and standard at 8kg,Mace 10-2 1H,,,2,normal,4,115,,,,#REF!,26/10/2025,2025,10,44,460,
30 min zone 2 mace,"26 Oct 2025, 14:35","26 Oct 2025, 15:06",Nasal breathing only alternating between single arm 4kg and standard at 8kg,Mace 10-2 1H,,,3,normal,4,24,,,,#REF!,26/10/2025,2025,10,44,96,
30 min zone 2 mace,"26 Oct 2025, 14:35","26 Oct 2025, 15:06",Nasal breathing only alternating between single arm 4kg and standard at 8kg,Mace 10-2,,,0,normal,8,230,,,,#REF!,26/10/2025,2025,10,44,1840,
30 min zone 2 mace,"26 Oct 2025, 14:35","26 Oct 2025, 15:06",Nasal breathing only alternating between single arm 4kg and standard at 8kg,Mace 10-2,,,1,normal,8,112,,,,#REF!,26/10/2025,2025,10,44,896,
30 min zone 2 mace,"26 Oct 2025, 14:35","26 Oct 2025, 15:06",Nasal breathing only alternating between single arm 4kg and standard at 8kg,Mace 10-2,,,2,normal,8,84,,,,#REF!,26/10/2025,2025,10,44,672,
30 min zone 2 mace,"26 Oct 2025, 14:35","26 Oct 2025, 15:06",Nasal breathing only alternating between single arm 4kg and standard at 8kg,Mace 10-2,,,3,normal,8,66,,,,#REF!,26/10/2025,2025,10,44,528,
30 min zone 2 mace,"29 Oct 2025, 18:18","29 Oct 2025, 18:51",Another nasal breathing session 1000 reps,Mace 10-2 1H,,,0,normal,4,100,,,,#REF!,29/10/2025,2025,10,44,400,
30 min zone 2 mace,"29 Oct 2025, 18:18","29 Oct 2025, 18:51",Another nasal breathing session 1000 reps,Mace 10-2 1H,,,1,normal,4,100,,,,#REF!,29/10/2025,2025,10,44,400,
30 min zone 2 mace,"29 Oct 2025, 18:18","29 Oct 2025, 18:51",Another nasal breathing session 1000 reps,Mace 10-2 1H,,,2,normal,4,100,,,,#REF!,29/10/2025,2025,10,44,400,
30 min zone 2 mace,"29 Oct 2025, 18:18","29 Oct 2025, 18:51",Another nasal breathing session 1000 reps,Mace 10-2 1H,,,3,normal,4,100,,,,#REF!,29/10/2025,2025,10,44,400,
30 min zone 2 mace,"29 Oct 2025, 18:18","29 Oct 2025, 18:51",Another nasal breathing session 1000 reps,Mace 10-2 1H,,,4,normal,4,100,,,,#REF!,29/10/2025,2025,10,44,400,
30 min zone 2 mace,"29 Oct 2025, 18:18","29 Oct 2025, 18:51",Another nasal breathing session 1000 reps,Mace 10-2,,,0,normal,8,100,,,,#REF!,29/10/2025,2025,10,44,800,
30 min zone 2 mace,"29 Oct 2025, 18:18","29 Oct 2025, 18:51",Another nasal breathing session 1000 reps,Mace 10-2,,,1,normal,8,100,,,,#REF!,29/10/2025,2025,10,44,800,
30 min zone 2 mace,"29 Oct 2025, 18:18","29 Oct 2025, 18:51",Another nasal breathing session 1000 reps,Mace 10-2,,,2,normal,8,100,,,,#REF!,29/10/2025,2025,10,44,800,
30 min zone 2 mace,"29 Oct 2025, 18:18","29 Oct 2025, 18:51",Another nasal breathing session 1000 reps,Mace 10-2,,,3,normal,8,100,,,,#REF!,29/10/2025,2025,10,44,800,
30 min zone 2 mace,"29 Oct 2025, 18:18","29 Oct 2025, 18:51",Another nasal breathing session 1000 reps,Mace 10-2,,,4,normal,8,100,,,,#REF!,29/10/2025,2025,10,44,800,
Assorted mace,"5 Nov 2025, 13:22","5 Nov 2025, 13:51",Forearms are squealing from Mondays sword swinging,Mace 10-2 1H,,,0,normal,4,100,,,,#REF!,05/11/2025,2025,11,45,400,
Assorted mace,"5 Nov 2025, 13:22","5 Nov 2025, 13:51",Forearms are squealing from Mondays sword swinging,Mace 10-2 1H,,,1,normal,4,100,,,,#REF!,05/11/2025,2025,11,45,400,
Assorted mace,"5 Nov 2025, 13:22","5 Nov 2025, 13:51",Forearms are squealing from Mondays sword swinging,Mace 10-2 1H,,,2,normal,4,100,,,,#REF!,05/11/2025,2025,11,45,400,
Assorted mace,"5 Nov 2025, 13:22","5 Nov 2025, 13:51",Forearms are squealing from Mondays sword swinging,Mace 10-2,,,0,normal,8,100,,,,#REF!,05/11/2025,2025,11,45,800,
Assorted mace,"5 Nov 2025, 13:22","5 Nov 2025, 13:51",Forearms are squealing from Mondays sword swinging,Mace 10-2,,,1,normal,10,100,,,,#REF!,05/11/2025,2025,11,45,1000,
Assorted mace,"5 Nov 2025, 13:22","5 Nov 2025, 13:51",Forearms are squealing from Mondays sword swinging,Mace 10-2,,,2,normal,10,100,,,,#REF!,05/11/2025,2025,11,45,1000,
30 min zone 2 mace,"8 Nov 2025, 14:18","8 Nov 2025, 14:58",Ughh I feel shattered,Mace 10-2 1H,,,0,normal,4,100,,,,#REF!,08/11/2025,2025,11,45,400,
30 min zone 2 mace,"8 Nov 2025, 14:18","8 Nov 2025, 14:58",Ughh I feel shattered,Mace 10-2 1H,,,1,normal,4,100,,,,#REF!,08/11/2025,2025,11,45,400,
30 min zone 2 mace,"8 Nov 2025, 14:18","8 Nov 2025, 14:58",Ughh I feel shattered,Mace 10-2 1H,,,2,normal,4,100,,,,#REF!,08/11/2025,2025,11,45,400,
30 min zone 2 mace,"8 Nov 2025, 14:18","8 Nov 2025, 14:58",Ughh I feel shattered,Mace 10-2 1H,,,3,normal,4,100,,,,#REF!,08/11/2025,2025,11,45,400,
30 min zone 2 mace,"8 Nov 2025, 14:18","8 Nov 2025, 14:58",Ughh I feel shattered,Mace 10-2 1H,,,4,normal,4,100,,,,#REF!,08/11/2025,2025,11,45,400,
30 min zone 2 mace,"8 Nov 2025, 14:18","8 Nov 2025, 14:58",Ughh I feel shattered,Mace 10-2 1H,,,5,normal,4,50,,,,#REF!,08/11/2025,2025,11,45,200,
30 min zone 2 mace,"8 Nov 2025, 14:18","8 Nov 2025, 14:58",Ughh I feel shattered,Mace 10-2,,,0,normal,8,100,,,,#REF!,08/11/2025,2025,11,45,800,
30 min zone 2 mace,"8 Nov 2025, 14:18","8 Nov 2025, 14:58",Ughh I feel shattered,Mace 10-2,,,1,normal,8,100,,,,#REF!,08/11/2025,2025,11,45,800,
30 min zone 2 mace,"8 Nov 2025, 14:18","8 Nov 2025, 14:58",Ughh I feel shattered,Mace 10-2,,,2,normal,8,100,,,,#REF!,08/11/2025,2025,11,45,800,
30 min zone 2 mace,"8 Nov 2025, 14:18","8 Nov 2025, 14:58",Ughh I feel shattered,Mace 10-2,,,3,normal,8,100,,,,#REF!,08/11/2025,2025,11,45,800,
30 min zone 2 mace,"8 Nov 2025, 14:18","8 Nov 2025, 14:58",Ughh I feel shattered,Mace 10-2,,,4,normal,10,80,,,,#REF!,08/11/2025,2025,11,45,800,
Bedtime swing,"10 Nov 2025, 21:52","10 Nov 2025, 22:13",,Mace Swing - 360,,,0,normal,8,200,,,,#REF!,10/11/2025,2025,11,46,1600,
Bedtime swing,"10 Nov 2025, 21:52","10 Nov 2025, 22:13",,Mace Swing - 360,,,1,normal,9,50,,,,#REF!,10/11/2025,2025,11,46,450,
1 min rounds - mace 360,"11 Nov 2025, 19:00","11 Nov 2025, 19:44",,Mace Swing - 360,,,0,normal,8,33,,,,#REF!,11/11/2025,2025,11,46,264,
1 min rounds - mace 360,"11 Nov 2025, 19:00","11 Nov 2025, 19:44",,Mace Swing - 360,,,1,normal,8,30,,,,#REF!,11/11/2025,2025,11,46,240,
1 min rounds - mace 360,"11 Nov 2025, 19:00","11 Nov 2025, 19:44",,Mace Swing - 360,,,2,normal,8,33,,,,#REF!,11/11/2025,2025,11,46,264,
1 min rounds - mace 360,"11 Nov 2025, 19:00","11 Nov 2025, 19:44",,Mace Swing - 360,,,3,normal,8,31,,,,#REF!,11/11/2025,2025,11,46,248,
1 min rounds - mace 360,"11 Nov 2025, 19:00","11 Nov 2025, 19:44",,Mace Swing - 360,,,4,normal,8,34,,,,#REF!,11/11/2025,2025,11,46,272,
1 min rounds - mace 360,"11 Nov 2025, 19:00","11 Nov 2025, 19:44",,Mace Swing - 360,,,5,normal,8,32,,,,#REF!,11/11/2025,2025,11,46,256,
1 min rounds - mace 360,"11 Nov 2025, 19:00","11 Nov 2025, 19:44",,Mace Swing - 360,,,6,normal,8,34,,,,#REF!,11/11/2025,2025,11,46,272,
1 min rounds - mace 360,"11 Nov 2025, 19:00","11 Nov 2025, 19:44",,Mace Swing - 360,,,7,normal,8,29,,,,#REF!,11/11/2025,2025,11,46,232,
1 min rounds - mace 360,"11 Nov 2025, 19:00","11 Nov 2025, 19:44",,Mace Swing - 360,,,8,normal,10,34,,,,#REF!,11/11/2025,2025,11,46,340,
1 min rounds - mace 360,"11 Nov 2025, 19:00","11 Nov 2025, 19:44",,Mace Swing - 360,,,9,normal,8,31,,,,#REF!,11/11/2025,2025,11,46,248,
1 min rounds - mace 360,"11 Nov 2025, 19:00","11 Nov 2025, 19:44",,Mace Swing - 360,,,10,normal,10,32,,,,#REF!,11/11/2025,2025,11,46,320,
1 min rounds - mace 360,"11 Nov 2025, 19:00","11 Nov 2025, 19:44",,Mace Swing - 360,,,11,normal,8,31,,,,#REF!,11/11/2025,2025,11,46,248,
1 min rounds - mace 360,"11 Nov 2025, 19:00","11 Nov 2025, 19:44",,Mace Swing - 360,,,12,normal,10,32,,,,#REF!,11/11/2025,2025,11,46,320,
1 min rounds - mace 360,"11 Nov 2025, 19:00","11 Nov 2025, 19:44",,Mace Swing - 360,,,13,normal,8,29,,,,#REF!,11/11/2025,2025,11,46,232,
1 min rounds - mace 360,"11 Nov 2025, 19:00","11 Nov 2025, 19:44",,Mace Swing - 360,,,14,normal,10,32,,,,#REF!,11/11/2025,2025,11,46,320,
Gentle macing,"16 Nov 2025, 12:44","16 Nov 2025, 13:36",Wondering if I can ramp up the single mace weight for the comp in Feb.,Mace 10-2 1H,,,0,normal,4,100,,,,#REF!,16/11/2025,2025,11,47,400,
Gentle macing,"16 Nov 2025, 12:44","16 Nov 2025, 13:36",Wondering if I can ramp up the single mace weight for the comp in Feb.,Mace 10-2 1H,,,1,normal,4,100,,,,#REF!,16/11/2025,2025,11,47,400,
Gentle macing,"16 Nov 2025, 12:44","16 Nov 2025, 13:36",Wondering if I can ramp up the single mace weight for the comp in Feb.,Mace 10-2 1H,,,2,normal,5,100,,,,#REF!,16/11/2025,2025,11,47,500,
Gentle macing,"16 Nov 2025, 12:44","16 Nov 2025, 13:36",Wondering if I can ramp up the single mace weight for the comp in Feb.,Mace 10-2 1H,,,3,normal,5,100,,,,#REF!,16/11/2025,2025,11,47,500,
Gentle macing,"16 Nov 2025, 12:44","16 Nov 2025, 13:36",Wondering if I can ramp up the single mace weight for the comp in Feb.,Mace 10-2 1H,,,4,normal,5,100,,,,#REF!,16/11/2025,2025,11,47,500,
Gentle macing,"16 Nov 2025, 12:44","16 Nov 2025, 13:36",Wondering if I can ramp up the single mace weight for the comp in Feb.,Mace 10-2 1H,,,5,normal,5,100,,,,#REF!,16/11/2025,2025,11,47,500,
Pushing the single arm weight,"17 Nov 2025, 08:45","17 Nov 2025, 09:14",,Mace 10-2 1H,,,0,normal,4,100,,,,#REF!,17/11/2025,2025,11,47,400,
Pushing the single arm weight,"17 Nov 2025, 08:45","17 Nov 2025, 09:14",,Mace 10-2 1H,,,1,normal,5,100,,,,#REF!,17/11/2025,2025,11,47,500,
Pushing the single arm weight,"17 Nov 2025, 08:45","17 Nov 2025, 09:14",,Mace 10-2 1H,,,2,normal,5,100,,,,#REF!,17/11/2025,2025,11,47,500,
Pushing the single arm weight,"17 Nov 2025, 08:45","17 Nov 2025, 09:14",,Mace 10-2 1H,,,3,normal,6,100,,,,#REF!,17/11/2025,2025,11,47,600,
Pushing the single arm weight,"17 Nov 2025, 08:45","17 Nov 2025, 09:14",,Mace 10-2 1H,,,4,normal,6,100,,,,#REF!,17/11/2025,2025,11,47,600,
Cold assortment of metal,"18 Nov 2025, 08:31","18 Nov 2025, 08:58",,Mace 10-2 1H,,Total struggle bus - couldnt get rhythm with 6kg,0,normal,4,100,,,,#REF!,18/11/2025,2025,11,47,400,
Cold assortment of metal,"18 Nov 2025, 08:31","18 Nov 2025, 08:58",,Mace 10-2 1H,,Total struggle bus - couldnt get rhythm with 6kg,1,normal,6,90,,,,#REF!,18/11/2025,2025,11,47,540,
Cold assortment of metal,"18 Nov 2025, 08:31","18 Nov 2025, 08:58",,Mace 10-2 1H,,Total struggle bus - couldnt get rhythm with 6kg,2,normal,4,100,,,,#REF!,18/11/2025,2025,11,47,400,
MW SA Club SP3,"23 Nov 2025, 15:17","23 Nov 2025, 16:17",Single club work and everything else,Mace 10-2 1H,,,0,normal,4,100,,,,#REF!,23/11/2025,2025,11,48,400,
MW SA Club SP3,"23 Nov 2025, 15:17","23 Nov 2025, 16:17",Single club work and everything else,Mace 10-2 1H,,,1,normal,6,100,,,,#REF!,23/11/2025,2025,11,48,600,
MW SA Club SP3,"23 Nov 2025, 15:17","23 Nov 2025, 16:17",Single club work and everything else,Mace 10-2 1H,,,2,normal,4,100,,,,#REF!,23/11/2025,2025,11,48,400,
Mace 10-2 / 360 5 min flights,"25 Nov 2025, 21:35","25 Nov 2025, 22:14",,Mace 10-2 1H,,,0,normal,4,100,,,,#REF!,25/11/2025,2025,11,48,400,
Mace 10-2 / 360 5 min flights,"25 Nov 2025, 21:35","25 Nov 2025, 22:14",,Mace 10-2 1H,,,1,normal,6,100,,,,#REF!,25/11/2025,2025,11,48,600,
Mace 10-2 / 360 5 min flights,"25 Nov 2025, 21:35","25 Nov 2025, 22:14",,Mace 10-2,,5 min rounds,0,normal,8,202,,,,#REF!,25/11/2025,2025,11,48,1616,
Mace 10-2 / 360 5 min flights,"25 Nov 2025, 21:35","25 Nov 2025, 22:14",,Mace 10-2,,5 min rounds,1,normal,10,76,,,,#REF!,25/11/2025,2025,11,48,760,
Mace 10-2 / 360 5 min flights,"25 Nov 2025, 21:35","25 Nov 2025, 22:14",,Mace Swing - 360,,5 min rounds,0,normal,8,165,,,,#REF!,25/11/2025,2025,11,48,1320,
Hevy macing and some volume,"27 Nov 2025, 17:31","27 Nov 2025, 18:56",,Mace 10-2 1H,,,0,normal,4,100,,,,#REF!,27/11/2025,2025,11,48,400,
Hevy macing and some volume,"27 Nov 2025, 17:31","27 Nov 2025, 18:56",,Mace 10-2 1H,,,1,normal,6,50,,,,#REF!,27/11/2025,2025,11,48,300,
Hevy macing and some volume,"27 Nov 2025, 17:31","27 Nov 2025, 18:56",,Mace 10-2,,,0,normal,8,50,,,,#REF!,27/11/2025,2025,11,48,400,
Hevy macing and some volume,"27 Nov 2025, 17:31","27 Nov 2025, 18:56",,Mace 10-2,,,1,normal,9.5,15,,,,#REF!,27/11/2025,2025,11,48,142.5,
Hevy macing and some volume,"27 Nov 2025, 17:31","27 Nov 2025, 18:56",,Mace 10-2,,,2,normal,10.25,15,,,,#REF!,27/11/2025,2025,11,48,153.75,
Hevy macing and some volume,"27 Nov 2025, 17:31","27 Nov 2025, 18:56",,Mace 10-2,,,3,normal,11.5,10,,,,#REF!,27/11/2025,2025,11,48,115,
Hevy macing and some volume,"27 Nov 2025, 17:31","27 Nov 2025, 18:56",,Mace 10-2,,,4,normal,12.75,10,,,,#REF!,27/11/2025,2025,11,48,127.5,
Hevy macing and some volume,"27 Nov 2025, 17:31","27 Nov 2025, 18:56",,Mace 10-2,,,5,normal,14,10,,,,#REF!,27/11/2025,2025,11,48,140,
Hevy macing and some volume,"27 Nov 2025, 17:31","27 Nov 2025, 18:56",,Mace 10-2,,,6,normal,15.25,10,,,,#REF!,27/11/2025,2025,11,48,152.5,
Hevy macing and some volume,"27 Nov 2025, 17:31","27 Nov 2025, 18:56",,Mace 10-2,,,7,normal,16,10,,,,#REF!,27/11/2025,2025,11,48,160,
Hevy macing and some volume,"27 Nov 2025, 17:31","27 Nov 2025, 18:56",,Mace 10-2,,,8,normal,8,100,,,,#REF!,27/11/2025,2025,11,48,800,
Hevy macing and some volume,"27 Nov 2025, 17:31","27 Nov 2025, 18:56",,Mace 10-2,,,9,normal,8,100,,,,#REF!,27/11/2025,2025,11,48,800,
PigIron Complex at lunch,"1 Dec 2025, 12:30","1 Dec 2025, 12:50",,Mace Swing - 360,,,0,normal,4,10,,,,#REF!,01/12/2025,2025,12,49,40,
PigIron Complex at lunch,"1 Dec 2025, 12:30","1 Dec 2025, 12:50",,Mace Swing - 360,,,1,normal,4,10,,,,#REF!,01/12/2025,2025,12,49,40,
PigIron Complex at lunch,"1 Dec 2025, 12:30","1 Dec 2025, 12:50",,Mace Swing - 360,,,2,normal,4,10,,,,#REF!,01/12/2025,2025,12,49,40,
PigIron Complex at lunch,"1 Dec 2025, 12:30","1 Dec 2025, 12:50",,Mace Swing - 360,,,3,normal,4,10,,,,#REF!,01/12/2025,2025,12,49,40,
PigIron Complex at lunch,"1 Dec 2025, 12:30","1 Dec 2025, 12:50",,Mace Swing - 360,,,4,normal,4,10,,,,#REF!,01/12/2025,2025,12,49,40,
PigIron Complex at lunch,"1 Dec 2025, 12:30","1 Dec 2025, 12:50",,Mace Swing - 360,,,5,normal,4,10,,,,#REF!,01/12/2025,2025,12,49,40,
PigIron Complex at lunch,"1 Dec 2025, 12:30","1 Dec 2025, 12:50",,Mace 10-2,,,0,normal,4,10,,,,#REF!,01/12/2025,2025,12,49,40,
PigIron Complex at lunch,"1 Dec 2025, 12:30","1 Dec 2025, 12:50",,Mace 10-2,,,1,normal,4,10,,,,#REF!,01/12/2025,2025,12,49,40,
PigIron Complex at lunch,"1 Dec 2025, 12:30","1 Dec 2025, 12:50",,Mace 10-2,,,2,normal,4,10,,,,#REF!,01/12/2025,2025,12,49,40,
PigIron Complex at lunch,"1 Dec 2025, 12:30","1 Dec 2025, 12:50",,Mace 10-2,,,3,normal,4,10,,,,#REF!,01/12/2025,2025,12,49,40,
PigIron Complex at lunch,"1 Dec 2025, 12:30","1 Dec 2025, 12:50",,Mace 10-2,,,4,normal,4,10,,,,#REF!,01/12/2025,2025,12,49,40,
PigIron Complex at lunch,"1 Dec 2025, 12:30","1 Dec 2025, 12:50",,Mace 10-2,,,5,normal,4,10,,,,#REF!,01/12/2025,2025,12,49,40,
PigIron Complex at lunch,"1 Dec 2025, 12:30","1 Dec 2025, 12:50",,Mace 10-2 1H,,,0,normal,4,10,,,,#REF!,01/12/2025,2025,12,49,40,
PigIron Complex at lunch,"1 Dec 2025, 12:30","1 Dec 2025, 12:50",,Mace 10-2 1H,,,1,normal,4,10,,,,#REF!,01/12/2025,2025,12,49,40,
PigIron Complex at lunch,"1 Dec 2025, 12:30","1 Dec 2025, 12:50",,Mace 10-2 1H,,,2,normal,4,10,,,,#REF!,01/12/2025,2025,12,49,40,
PigIron Complex at lunch,"1 Dec 2025, 12:30","1 Dec 2025, 12:50",,Mace 10-2 1H,,,3,normal,4,10,,,,#REF!,01/12/2025,2025,12,49,40,
PigIron Complex at lunch,"1 Dec 2025, 12:30","1 Dec 2025, 12:50",,Mace 10-2 1H,,,4,normal,4,10,,,,#REF!,01/12/2025,2025,12,49,40,
PigIron Complex at lunch,"1 Dec 2025, 12:30","1 Dec 2025, 12:50",,Mace 10-2 1H,,,5,normal,4,10,,,,#REF!,01/12/2025,2025,12,49,40,
PigIron Complex at lunch,"1 Dec 2025, 12:30","1 Dec 2025, 12:50",,Mace 360 1H,,,0,normal,4,10,,,,#REF!,01/12/2025,2025,12,49,40,
PigIron Complex at lunch,"1 Dec 2025, 12:30","1 Dec 2025, 12:50",,Mace 360 1H,,,1,normal,4,10,,,,#REF!,01/12/2025,2025,12,49,40,
PigIron Complex at lunch,"1 Dec 2025, 12:30","1 Dec 2025, 12:50",,Mace 360 1H,,,2,normal,4,10,,,,#REF!,01/12/2025,2025,12,49,40,
PigIron Complex at lunch,"1 Dec 2025, 12:30","1 Dec 2025, 12:50",,Mace 360 1H,,,3,normal,4,10,,,,#REF!,01/12/2025,2025,12,49,40,
PigIron Complex at lunch,"1 Dec 2025, 12:30","1 Dec 2025, 12:50",,Mace 360 1H,,,4,normal,4,10,,,,#REF!,01/12/2025,2025,12,49,40,
PigIron Complex at lunch,"1 Dec 2025, 12:30","1 Dec 2025, 12:50",,Mace 360 1H,,,5,normal,4,10,,,,#REF!,01/12/2025,2025,12,49,40,
PigIron Complex at lunch,"1 Dec 2025, 12:30","1 Dec 2025, 12:50",,Mace 10-2,,,0,normal,4,10,,,,#REF!,01/12/2025,2025,12,49,40,
PigIron Complex at lunch,"1 Dec 2025, 12:30","1 Dec 2025, 12:50",,Mace 10-2,,,1,normal,4,10,,,,#REF!,01/12/2025,2025,12,49,40,
PigIron Complex at lunch,"1 Dec 2025, 12:30","1 Dec 2025, 12:50",,Mace 10-2,,,2,normal,4,10,,,,#REF!,01/12/2025,2025,12,49,40,
PigIron Complex at lunch,"1 Dec 2025, 12:30","1 Dec 2025, 12:50",,Mace 10-2,,,3,normal,4,10,,,,#REF!,01/12/2025,2025,12,49,40,
PigIron Complex at lunch,"1 Dec 2025, 12:30","1 Dec 2025, 12:50",,Mace 10-2,,,4,normal,4,10,,,,#REF!,01/12/2025,2025,12,49,40,
PigIron Complex at lunch,"1 Dec 2025, 12:30","1 Dec 2025, 12:50",,Mace 10-2,,,5,normal,4,10,,,,#REF!,01/12/2025,2025,12,49,40,
PigIron Complex at lunch,"1 Dec 2025, 12:30","1 Dec 2025, 12:50",,Mace Swing - 360,,,0,normal,4,10,,,,#REF!,01/12/2025,2025,12,49,40,
PigIron Complex at lunch,"1 Dec 2025, 12:30","1 Dec 2025, 12:50",,Mace Swing - 360,,,1,normal,4,10,,,,#REF!,01/12/2025,2025,12,49,40,
PigIron Complex at lunch,"1 Dec 2025, 12:30","1 Dec 2025, 12:50",,Mace Swing - 360,,,2,normal,4,10,,,,#REF!,01/12/2025,2025,12,49,40,
PigIron Complex at lunch,"1 Dec 2025, 12:30","1 Dec 2025, 12:50",,Mace Swing - 360,,,3,normal,4,10,,,,#REF!,01/12/2025,2025,12,49,40,
PigIron Complex at lunch,"1 Dec 2025, 12:30","1 Dec 2025, 12:50",,Mace Swing - 360,,,4,normal,4,10,,,,#REF!,01/12/2025,2025,12,49,40,
PigIron Complex at lunch,"1 Dec 2025, 12:30","1 Dec 2025, 12:50",,Mace Swing - 360,,,5,normal,4,10,,,,#REF!,01/12/2025,2025,12,49,40,
PigIron Complex at lunch,"1 Dec 2025, 12:30","1 Dec 2025, 12:50",,Mace Swing - 360,,Sword swings,0,normal,4,100,,,,#REF!,01/12/2025,2025,12,49,400,
Afternoon workout ðª,"1 Dec 2025, 18:19","1 Dec 2025, 18:49",,Mace 10-2 1H,,,0,normal,4,200,,,,#REF!,01/12/2025,2025,12,49,800,
Afternoon workout ðª,"1 Dec 2025, 18:19","1 Dec 2025, 18:49",,Mace 10-2 1H,,,1,normal,6,100,,,,#REF!,01/12/2025,2025,12,49,600,
Afternoon workout ðª,"1 Dec 2025, 18:19","1 Dec 2025, 18:49",,Mace 10-2 1H,,,2,normal,6,100,,,,#REF!,01/12/2025,2025,12,49,600,
Afternoon workout ðª,"1 Dec 2025, 18:19","1 Dec 2025, 18:49",,Mace 10-2 1H,,,3,normal,6,100,,,,#REF!,01/12/2025,2025,12,49,600,
Afternoon workout ðª,"1 Dec 2025, 18:19","1 Dec 2025, 18:49",,Mace 10-2,,,0,normal,8,200,,,,#REF!,01/12/2025,2025,12,49,1600,
1000 rep mace workout,"2 Dec 2025, 13:45","2 Dec 2025, 14:30",Pooped,Mace 10-2 1H,,,0,normal,4,100,,,,#REF!,02/12/2025,2025,12,49,400,
1000 rep mace workout,"2 Dec 2025, 13:45","2 Dec 2025, 14:30",Pooped,Mace 10-2 1H,,,1,normal,4,100,,,,#REF!,02/12/2025,2025,12,49,400,
1000 rep mace workout,"2 Dec 2025, 13:45","2 Dec 2025, 14:30",Pooped,Mace 10-2 1H,,,2,normal,4,100,,,,#REF!,02/12/2025,2025,12,49,400,
1000 rep mace workout,"2 Dec 2025, 13:45","2 Dec 2025, 14:30",Pooped,Mace 10-2 1H,,,3,normal,4,100,,,,#REF!,02/12/2025,2025,12,49,400,
1000 rep mace workout,"2 Dec 2025, 13:45","2 Dec 2025, 14:30",Pooped,Mace 10-2 1H,,,4,normal,4,100,,,,#REF!,02/12/2025,2025,12,49,400,
1000 rep mace workout,"2 Dec 2025, 13:45","2 Dec 2025, 14:30",Pooped,Mace 10-2 1H,,,5,normal,4,100,,,,#REF!,02/12/2025,2025,12,49,400,
1000 rep mace workout,"2 Dec 2025, 13:45","2 Dec 2025, 14:30",Pooped,Mace 10-2,,,0,normal,8,100,,,,#REF!,02/12/2025,2025,12,49,800,
1000 rep mace workout,"2 Dec 2025, 13:45","2 Dec 2025, 14:30",Pooped,Mace 10-2,,,1,normal,8,100,,,,#REF!,02/12/2025,2025,12,49,800,
1000 rep mace workout,"2 Dec 2025, 13:45","2 Dec 2025, 14:30",Pooped,Mace 10-2,,,2,normal,8,100,,,,#REF!,02/12/2025,2025,12,49,800,
1000 rep mace workout,"2 Dec 2025, 13:45","2 Dec 2025, 14:30",Pooped,Mace Swing - 360,,,0,normal,6,100,,,,#REF!,02/12/2025,2025,12,49,600,
1000 rep session,"3 Dec 2025, 18:01","3 Dec 2025, 19:15",,Mace 10-2 1H,,,0,normal,4,100,,,,#REF!,03/12/2025,2025,12,49,400,
1000 rep session,"3 Dec 2025, 18:01","3 Dec 2025, 19:15",,Mace 10-2 1H,,,1,normal,4,100,,,,#REF!,03/12/2025,2025,12,49,400,
1000 rep session,"3 Dec 2025, 18:01","3 Dec 2025, 19:15",,Mace 10-2,,,0,normal,8,100,,,,#REF!,03/12/2025,2025,12,49,800,
1000 rep session,"3 Dec 2025, 18:01","3 Dec 2025, 19:15",,Mace 10-2,,,1,normal,8,100,,,,#REF!,03/12/2025,2025,12,49,800,
1000 rep session,"3 Dec 2025, 18:01","3 Dec 2025, 19:15",,Mace 10-2,,,2,normal,8,100,,,,#REF!,03/12/2025,2025,12,49,800,
1000 rep session,"3 Dec 2025, 18:01","3 Dec 2025, 19:15",,Mace Swing - 360,,,0,normal,6,100,,,,#REF!,03/12/2025,2025,12,49,600,
1000 rep session,"3 Dec 2025, 18:01","3 Dec 2025, 19:15",,Mace Swing - 360,,,1,normal,8,100,,,,#REF!,03/12/2025,2025,12,49,800,
1000 rep session,"3 Dec 2025, 18:01","3 Dec 2025, 19:15",,Mace Swing - 360,,,2,normal,6,150,,,,#REF!,03/12/2025,2025,12,49,900,
Part 1 500 reps down,"4 Dec 2025, 13:10","4 Dec 2025, 13:52",Some left elbow discomfort with SA at 6kg,Mace 10-2 1H,,,0,normal,4,100,,,,#REF!,04/12/2025,2025,12,49,400,
Part 1 500 reps down,"4 Dec 2025, 13:10","4 Dec 2025, 13:52",Some left elbow discomfort with SA at 6kg,Mace 10-2 1H,,,1,normal,6,100,,,,#REF!,04/12/2025,2025,12,49,600,
Part 1 500 reps down,"4 Dec 2025, 13:10","4 Dec 2025, 13:52",Some left elbow discomfort with SA at 6kg,Mace 10-2,,,0,normal,8,100,,,,#REF!,04/12/2025,2025,12,49,800,
Part 1 500 reps down,"4 Dec 2025, 13:10","4 Dec 2025, 13:52",Some left elbow discomfort with SA at 6kg,Mace 10-2,,,1,normal,10,50,,,,#REF!,04/12/2025,2025,12,49,500,
Part 1 500 reps down,"4 Dec 2025, 13:10","4 Dec 2025, 13:52",Some left elbow discomfort with SA at 6kg,Mace 10-2,,,2,normal,10,50,,,,#REF!,04/12/2025,2025,12,49,500,
Part 1 500 reps down,"4 Dec 2025, 13:10","4 Dec 2025, 13:52",Some left elbow discomfort with SA at 6kg,Mace 10-2,,,3,normal,10,65,,,,#REF!,04/12/2025,2025,12,49,650,
Mace 300 rounds,"4 Dec 2025, 18:22","4 Dec 2025, 18:58",,Mace 10-2,,,0,normal,8,100,,,,#REF!,04/12/2025,2025,12,49,800,
Mace 300 rounds,"4 Dec 2025, 18:22","4 Dec 2025, 18:58",,Mace 10-2,,,1,normal,10,50,,,,#REF!,04/12/2025,2025,12,49,500,
Mace 300 rounds,"4 Dec 2025, 18:22","4 Dec 2025, 18:58",,Mace 10-2,,,2,normal,10,50,,,,#REF!,04/12/2025,2025,12,49,500,
Mace 300 rounds,"4 Dec 2025, 18:22","4 Dec 2025, 18:58",,Mace 10-2,,,3,normal,10,40,,,,#REF!,04/12/2025,2025,12,49,400,
Mace 300 rounds,"4 Dec 2025, 18:22","4 Dec 2025, 18:58",,Mace 10-2 1H,,,0,normal,4,100,,,,#REF!,04/12/2025,2025,12,49,400,
Mace 300 rounds,"4 Dec 2025, 18:22","4 Dec 2025, 18:58",,Mace 10-2 1H,,,1,normal,6,100,,,,#REF!,04/12/2025,2025,12,49,600,
Mace 300 rounds,"4 Dec 2025, 18:22","4 Dec 2025, 18:58",,Mace Swing - 360,,,0,normal,8,100,,,,#REF!,04/12/2025,2025,12,49,800,
1000 rep continuous,"5 Dec 2025, 10:14","5 Dec 2025, 10:57",,Mace 10-2 1H,,,0,normal,4,500,,,,#REF!,05/12/2025,2025,12,49,2000,
1000 rep continuous,"5 Dec 2025, 10:14","5 Dec 2025, 10:57",,Mace 10-2 1H,,,1,normal,5,500,,,,#REF!,05/12/2025,2025,12,49,2500,
Extra 400 heavier reps,"5 Dec 2025, 11:18","5 Dec 2025, 11:42",Just wanted to bring us up to an 8 tonne day,Mace 10-2,,,0,normal,8,100,,,,#REF!,05/12/2025,2025,12,49,800,
Extra 400 heavier reps,"5 Dec 2025, 11:18","5 Dec 2025, 11:42",Just wanted to bring us up to an 8 tonne day,Mace 10-2,,,1,normal,10,100,,,,#REF!,05/12/2025,2025,12,49,1000,
Extra 400 heavier reps,"5 Dec 2025, 11:18","5 Dec 2025, 11:42",Just wanted to bring us up to an 8 tonne day,Mace 10-2,,,2,normal,10,100,,,,#REF!,05/12/2025,2025,12,49,1000,
Extra 400 heavier reps,"5 Dec 2025, 11:18","5 Dec 2025, 11:42",Just wanted to bring us up to an 8 tonne day,Mace Swing - 360,,,0,normal,8,100,,,,#REF!,05/12/2025,2025,12,49,800,
30 min AMRAP,"6 Dec 2025, 16:16","6 Dec 2025, 16:52",1073 in 30 mins at 5kg,Mace 10-2 1H,,,0,normal,4,500,,,,#REF!,06/12/2025,2025,12,49,2000,
30 min AMRAP,"6 Dec 2025, 16:16","6 Dec 2025, 16:52",1073 in 30 mins at 5kg,Mace 10-2 1H,,,1,normal,5,1073,,,,#REF!,06/12/2025,2025,12,49,5365,
30 min AMRAP,"7 Dec 2025, 17:51","7 Dec 2025, 18:29",Another pb and teeny tiny bit heavier.,Mace 10-2 1H,,,0,normal,4,500,,,,#REF!,07/12/2025,2025,12,50,2000,
30 min AMRAP,"7 Dec 2025, 17:51","7 Dec 2025, 18:29",Another pb and teeny tiny bit heavier.,Mace 10-2 1H,,,1,normal,5.25,1076,,,,#REF!,07/12/2025,2025,12,50,5649,
Restorative 1000 reps,"8 Dec 2025, 13:09","8 Dec 2025, 14:11",I needed a recovery day today as my elbows hurt - added more kb flips,Mace Swing - 360,,,0,normal,6.5,100,,,,#REF!,08/12/2025,2025,12,50,650,
Restorative 1000 reps,"8 Dec 2025, 13:09","8 Dec 2025, 14:11",I needed a recovery day today as my elbows hurt - added more kb flips,Mace 10-2,,,0,normal,5.25,150,,,,#REF!,08/12/2025,2025,12,50,787.5,
Restorative 1000 reps,"8 Dec 2025, 13:09","8 Dec 2025, 14:11",I needed a recovery day today as my elbows hurt - added more kb flips,Mace 10-2,,,1,normal,5.25,150,,,,#REF!,08/12/2025,2025,12,50,787.5,
1000 mace reps,"9 Dec 2025, 17:56","9 Dec 2025, 18:53",,Mace 10-2 1H,,,0,normal,4,100,,,,#REF!,09/12/2025,2025,12,50,400,
1000 mace reps,"9 Dec 2025, 17:56","9 Dec 2025, 18:53",,Mace 10-2 1H,,,1,normal,5.5,500,,,,#REF!,09/12/2025,2025,12,50,2750,
1000 mace reps,"9 Dec 2025, 17:56","9 Dec 2025, 18:53",,Mace 10-2,,,0,normal,8,200,,,,#REF!,09/12/2025,2025,12,50,1600,
1000 mace reps,"9 Dec 2025, 17:56","9 Dec 2025, 18:53",,Mace 10-2,,,1,normal,8,100,,,,#REF!,09/12/2025,2025,12,50,800,
1000 mace reps,"9 Dec 2025, 17:56","9 Dec 2025, 18:53",,Mace 10-2,,,2,normal,10,100,,,,#REF!,09/12/2025,2025,12,50,1000,
30 min AMRAP,"10 Dec 2025, 13:12","10 Dec 2025, 13:50",,Mace 10-2 1H,,,0,normal,4,100,,,,#REF!,10/12/2025,2025,12,50,400,
30 min AMRAP,"10 Dec 2025, 13:12","10 Dec 2025, 13:50",,Mace 10-2 1H,,,1,normal,5.5,1079,,,,#REF!,10/12/2025,2025,12,50,5934.5,
Aborted,"10 Dec 2025, 19:07","10 Dec 2025, 19:14",,Mace 10-2,,,0,normal,5.5,50,,,,#REF!,10/12/2025,2025,12,50,275,
Aborted,"10 Dec 2025, 19:07","10 Dec 2025, 19:14",,Mace 10-2,,,1,normal,8,100,,,,#REF!,10/12/2025,2025,12,50,800,
Deads and Snatch ðï¸,"11 Dec 2025, 18:35","11 Dec 2025, 19:05",,Kettlebell Snatch,,Very easy,0,normal,8,10,,,,#REF!,11/12/2025,2025,12,50,80,
Deads and Snatch ðï¸,"11 Dec 2025, 18:35","11 Dec 2025, 19:05",,Kettlebell Snatch,,Very easy,1,normal,8,10,,,,#REF!,11/12/2025,2025,12,50,80,
Deads and Snatch ðï¸,"11 Dec 2025, 18:35","11 Dec 2025, 19:05",,Kettlebell Snatch,,Very easy,2,normal,8,10,,,,#REF!,11/12/2025,2025,12,50,80,
Deads and Snatch ðï¸,"11 Dec 2025, 18:35","11 Dec 2025, 19:05",,Kettlebell Snatch,,Very easy,3,normal,8,10,,,,#REF!,11/12/2025,2025,12,50,80,
Deads and Snatch ðï¸,"11 Dec 2025, 18:35","11 Dec 2025, 19:05",,Kettlebell Snatch,,Very easy,4,normal,8,10,,,,#REF!,11/12/2025,2025,12,50,80,
MW Snatch,"12 Dec 2025, 16:27","12 Dec 2025, 16:36",,Kettlebell Snatch,,,0,normal,8,10,,,,#REF!,12/12/2025,2025,12,50,80,
MW Snatch,"12 Dec 2025, 16:27","12 Dec 2025, 16:36",,Kettlebell Snatch,,,1,normal,8,10,,,,#REF!,12/12/2025,2025,12,50,80,
MW Snatch,"12 Dec 2025, 16:27","12 Dec 2025, 16:36",,Kettlebell Snatch,,,2,normal,8,10,,,,#REF!,12/12/2025,2025,12,50,80,
MW Snatch,"12 Dec 2025, 16:27","12 Dec 2025, 16:36",,Kettlebell Snatch,,,3,normal,8,10,,,,#REF!,12/12/2025,2025,12,50,80,
MW Snatch,"12 Dec 2025, 16:27","12 Dec 2025, 16:36",,Kettlebell Snatch,,,4,normal,8,10,,,,#REF!,12/12/2025,2025,12,50,80,
MW Snatch,"12 Dec 2025, 16:27","12 Dec 2025, 16:36",,Kettlebell Snatch,,,5,normal,8,10,,,,#REF!,12/12/2025,2025,12,50,80,
Mace and KB,"15 Dec 2025, 14:17","15 Dec 2025, 15:13",,Mace 10-2,,,0,normal,4,100,,,,#REF!,15/12/2025,2025,12,51,400,
Mace and KB,"15 Dec 2025, 14:17","15 Dec 2025, 15:13",,Mace 10-2,,,1,normal,8,50,,,,#REF!,15/12/2025,2025,12,51,400,
Mace and KB,"15 Dec 2025, 14:17","15 Dec 2025, 15:13",,Mace 10-2,,,2,normal,10,50,,,,#REF!,15/12/2025,2025,12,51,500,
Mace and KB,"15 Dec 2025, 14:17","15 Dec 2025, 15:13",,Mace 10-2,,,3,normal,11.5,50,,,,#REF!,15/12/2025,2025,12,51,575,
Mace and KB,"15 Dec 2025, 14:17","15 Dec 2025, 15:13",,Mace 10-2,,,4,normal,11.5,50,,,,#REF!,15/12/2025,2025,12,51,575,
Mace and KB,"15 Dec 2025, 14:17","15 Dec 2025, 15:13",,Mace 10-2,,,5,normal,11.5,40,,,,#REF!,15/12/2025,2025,12,51,460,
Mace and KB,"15 Dec 2025, 14:17","15 Dec 2025, 15:13",,Mace Swing - 360,,,0,normal,8,40,,,,#REF!,15/12/2025,2025,12,51,320,
Mace and KB,"15 Dec 2025, 14:17","15 Dec 2025, 15:13",,Kettlebell Snatch,,,0,normal,8,10,,,,#REF!,15/12/2025,2025,12,51,80,
Mace and KB,"15 Dec 2025, 14:17","15 Dec 2025, 15:13",,Kettlebell Snatch,,,1,normal,8,10,,,,#REF!,15/12/2025,2025,12,51,80,
Mace and KB,"15 Dec 2025, 14:17","15 Dec 2025, 15:13",,Kettlebell Snatch,,,2,normal,8,10,,,,#REF!,15/12/2025,2025,12,51,80,
Mace and KB,"15 Dec 2025, 14:17","15 Dec 2025, 15:13",,Kettlebell Snatch,,,3,normal,8,10,,,,#REF!,15/12/2025,2025,12,51,80,
Mace and KB,"15 Dec 2025, 14:17","15 Dec 2025, 15:13",,Kettlebell Snatch,,,4,normal,8,10,,,,#REF!,15/12/2025,2025,12,51,80,
Mace and KB,"15 Dec 2025, 14:17","15 Dec 2025, 15:13",,Kettlebell Snatch,,,5,normal,8,10,,,,#REF!,15/12/2025,2025,12,51,80,
Mace and KB,"15 Dec 2025, 14:17","15 Dec 2025, 15:13",,Kettlebell Snatch,,,6,normal,8,10,,,,#REF!,15/12/2025,2025,12,51,80,
Mace and KB,"15 Dec 2025, 14:17","15 Dec 2025, 15:13",,Kettlebell Snatch,,,7,normal,8,10,,,,#REF!,15/12/2025,2025,12,51,80,
Mace and KB,"15 Dec 2025, 14:17","15 Dec 2025, 15:13",,Kettlebell Snatch,,,8,normal,8,10,,,,#REF!,15/12/2025,2025,12,51,80,
Mace and KB,"15 Dec 2025, 14:17","15 Dec 2025, 15:13",,Kettlebell Snatch,,,9,normal,8,10,,,,#REF!,15/12/2025,2025,12,51,80,
Emilio - The Climb,"16 Dec 2025, 13:07","16 Dec 2025, 13:51",,Mace 10-2,,1 min rounds,0,normal,4,39,,,,#REF!,16/12/2025,2025,12,51,156,
Emilio - The Climb,"16 Dec 2025, 13:07","16 Dec 2025, 13:51",,Mace 10-2,,1 min rounds,1,normal,4,40,,,,#REF!,16/12/2025,2025,12,51,160,
Emilio - The Climb,"16 Dec 2025, 13:07","16 Dec 2025, 13:51",,Mace 10-2,,1 min rounds,2,normal,4,40,,,,#REF!,16/12/2025,2025,12,51,160,
Emilio - The Climb,"16 Dec 2025, 13:07","16 Dec 2025, 13:51",,Mace 10-2,,1 min rounds,3,normal,4,40,,,,#REF!,16/12/2025,2025,12,51,160,
Emilio - The Climb,"16 Dec 2025, 13:07","16 Dec 2025, 13:51",,Mace 10-2,,1 min rounds,4,normal,4,40,,,,#REF!,16/12/2025,2025,12,51,160,
Emilio - The Climb,"16 Dec 2025, 13:07","16 Dec 2025, 13:51",,Mace 10-2,,1 min rounds,5,normal,4,40,,,,#REF!,16/12/2025,2025,12,51,160,
Emilio - The Will,"17 Dec 2025, 19:19","17 Dec 2025, 19:53",Split squats were horrible and badly performed. Not helped that I went on a run this morning. \nKB press started to fail on left side by the 4th set.,Mace Swing - 360,,,0,normal,8,10,,,,#REF!,17/12/2025,2025,12,51,80,
Emilio - The Will,"17 Dec 2025, 19:19","17 Dec 2025, 19:53",Split squats were horrible and badly performed. Not helped that I went on a run this morning. \nKB press started to fail on left side by the 4th set.,Mace Swing - 360,,,1,normal,10,10,,,,#REF!,17/12/2025,2025,12,51,100,
Emilio - The Will,"17 Dec 2025, 19:19","17 Dec 2025, 19:53",Split squats were horrible and badly performed. Not helped that I went on a run this morning. \nKB press started to fail on left side by the 4th set.,Mace Swing - 360,,,2,normal,11.5,10,,,,#REF!,17/12/2025,2025,12,51,115,
Emilio - The Will,"17 Dec 2025, 19:19","17 Dec 2025, 19:53",Split squats were horrible and badly performed. Not helped that I went on a run this morning. \nKB press started to fail on left side by the 4th set.,Mace Swing - 360,,,3,normal,11.5,10,,,,#REF!,17/12/2025,2025,12,51,115,
Emilio - The Will,"17 Dec 2025, 19:19","17 Dec 2025, 19:53",Split squats were horrible and badly performed. Not helped that I went on a run this morning. \nKB press started to fail on left side by the 4th set.,Mace Swing - 360,,,4,normal,11.5,10,,,,#REF!,17/12/2025,2025,12,51,115,
Emilio - The Will,"17 Dec 2025, 19:19","17 Dec 2025, 19:53",Split squats were horrible and badly performed. Not helped that I went on a run this morning. \nKB press started to fail on left side by the 4th set.,Mace Swing - 360,,,5,normal,11.5,10,,,,#REF!,17/12/2025,2025,12,51,115,
Emilio - The Will,"17 Dec 2025, 19:19","17 Dec 2025, 19:53",Split squats were horrible and badly performed. Not helped that I went on a run this morning. \nKB press started to fail on left side by the 4th set.,Mace Swing - 360,,,6,normal,11.5,10,,,,#REF!,17/12/2025,2025,12,51,115,
Emilio - The Will,"17 Dec 2025, 19:19","17 Dec 2025, 19:53",Split squats were horrible and badly performed. Not helped that I went on a run this morning. \nKB press started to fail on left side by the 4th set.,Mace Swing - 360,,,7,normal,11.5,10,,,,#REF!,17/12/2025,2025,12,51,115,
Emilio - The Will,"17 Dec 2025, 19:19","17 Dec 2025, 19:53",Split squats were horrible and badly performed. Not helped that I went on a run this morning. \nKB press started to fail on left side by the 4th set.,Mace Swing - 360,,,8,normal,11.5,10,,,,#REF!,17/12/2025,2025,12,51,115,
Evening workout ðï¸,"19 Dec 2025, 19:21","19 Dec 2025, 20:12",,Mace 10-2 1H,,,0,normal,4,100,,,,#REF!,19/12/2025,2025,12,51,400,
Evening workout ðï¸,"19 Dec 2025, 19:21","19 Dec 2025, 20:12",,Mace 10-2 1H,,,1,normal,5.5,100,,,,#REF!,19/12/2025,2025,12,51,550,
Evening workout ðï¸,"19 Dec 2025, 19:21","19 Dec 2025, 20:12",,Mace Swing - 360,,7mins 50s,0,normal,10,200,,,,#REF!,19/12/2025,2025,12,51,2000,
Evening workout ðï¸,"19 Dec 2025, 19:21","19 Dec 2025, 20:12",,Mace 10-2,,,0,normal,11.5,60,,,,#REF!,19/12/2025,2025,12,51,690,
Single arm pb!,"20 Dec 2025, 17:42","20 Dec 2025, 18:28",Iâve been scared of the 8kg for ages. First one felt easy so tried 20 then 100. Get in.,Mace 10-2 1H,,,0,normal,6,20,,,,#REF!,20/12/2025,2025,12,51,120,
Single arm pb!,"20 Dec 2025, 17:42","20 Dec 2025, 18:28",Iâve been scared of the 8kg for ages. First one felt easy so tried 20 then 100. Get in.,Mace 10-2 1H,,,1,normal,6,20,,,,#REF!,20/12/2025,2025,12,51,120,
Single arm pb!,"20 Dec 2025, 17:42","20 Dec 2025, 18:28",Iâve been scared of the 8kg for ages. First one felt easy so tried 20 then 100. Get in.,Mace 10-2 1H,,,2,normal,6,20,,,,#REF!,20/12/2025,2025,12,51,120,
Single arm pb!,"20 Dec 2025, 17:42","20 Dec 2025, 18:28",Iâve been scared of the 8kg for ages. First one felt easy so tried 20 then 100. Get in.,Mace 10-2 1H,,,3,normal,7.25,20,,,,#REF!,20/12/2025,2025,12,51,145,
Single arm pb!,"20 Dec 2025, 17:42","20 Dec 2025, 18:28",Iâve been scared of the 8kg for ages. First one felt easy so tried 20 then 100. Get in.,Mace 10-2 1H,,,4,normal,7.5,20,,,,#REF!,20/12/2025,2025,12,51,150,
Single arm pb!,"20 Dec 2025, 17:42","20 Dec 2025, 18:28",Iâve been scared of the 8kg for ages. First one felt easy so tried 20 then 100. Get in.,Mace 10-2 1H,,,5,normal,8,20,,,,#REF!,20/12/2025,2025,12,51,160,
Single arm pb!,"20 Dec 2025, 17:42","20 Dec 2025, 18:28",Iâve been scared of the 8kg for ages. First one felt easy so tried 20 then 100. Get in.,Mace 10-2 1H,,,6,normal,8,20,,,,#REF!,20/12/2025,2025,12,51,160,
Single arm pb!,"20 Dec 2025, 17:42","20 Dec 2025, 18:28",Iâve been scared of the 8kg for ages. First one felt easy so tried 20 then 100. Get in.,Mace 10-2 1H,,,7,normal,8,20,,,,#REF!,20/12/2025,2025,12,51,160,
Single arm pb!,"20 Dec 2025, 17:42","20 Dec 2025, 18:28",Iâve been scared of the 8kg for ages. First one felt easy so tried 20 then 100. Get in.,Mace 10-2 1H,,,8,normal,8,100,,,,#REF!,20/12/2025,2025,12,51,800,
Emilio - The Climb,"22 Dec 2025, 17:40","22 Dec 2025, 18:28",,Mace 10-2 1H,,90sec sets apart feom the warmup,0,normal,4,50,,,,#REF!,22/12/2025,2025,12,52,200,
Emilio - The Climb,"22 Dec 2025, 17:40","22 Dec 2025, 18:28",,Mace 10-2 1H,,90sec sets apart feom the warmup,1,normal,8,34,,,,#REF!,22/12/2025,2025,12,52,272,
Emilio - The Climb,"22 Dec 2025, 17:40","22 Dec 2025, 18:28",,Mace 10-2 1H,,90sec sets apart feom the warmup,2,normal,8,57,,,,#REF!,22/12/2025,2025,12,52,456,
Emilio - The Climb,"22 Dec 2025, 17:40","22 Dec 2025, 18:28",,Mace 10-2 1H,,90sec sets apart feom the warmup,3,normal,8,57,,,,#REF!,22/12/2025,2025,12,52,456,
Emilio - The Climb,"22 Dec 2025, 17:40","22 Dec 2025, 18:28",,Mace 10-2 1H,,90sec sets apart feom the warmup,4,normal,8,57,,,,#REF!,22/12/2025,2025,12,52,456,
Emilio - The Climb,"22 Dec 2025, 17:40","22 Dec 2025, 18:28",,Mace 10-2 1H,,90sec sets apart feom the warmup,5,normal,8,57,,,,#REF!,22/12/2025,2025,12,52,456,
Emilio - The Will,"23 Dec 2025, 14:02","23 Dec 2025, 14:39",Enjoyed this. Maybe a bit too easy.,Mace Swing - 360,,,0,normal,11.5,10,,,,#REF!,23/12/2025,2025,12,52,115,
Emilio - The Will,"23 Dec 2025, 14:02","23 Dec 2025, 14:39",Enjoyed this. Maybe a bit too easy.,Mace Swing - 360,,,1,normal,11.5,10,,,,#REF!,23/12/2025,2025,12,52,115,
Emilio - The Will,"23 Dec 2025, 14:02","23 Dec 2025, 14:39",Enjoyed this. Maybe a bit too easy.,Mace Swing - 360,,,2,normal,11.5,10,,,,#REF!,23/12/2025,2025,12,52,115,
Emilio - The Will,"23 Dec 2025, 14:02","23 Dec 2025, 14:39",Enjoyed this. Maybe a bit too easy.,Mace Swing - 360,,,3,normal,11.5,10,,,,#REF!,23/12/2025,2025,12,52,115,
Emilio - The Will,"23 Dec 2025, 14:02","23 Dec 2025, 14:39",Enjoyed this. Maybe a bit too easy.,Mace Swing - 360,,,4,normal,11.5,10,,,,#REF!,23/12/2025,2025,12,52,115,
Emilio - The Will,"23 Dec 2025, 14:02","23 Dec 2025, 14:39",Enjoyed this. Maybe a bit too easy.,Mace Swing - 360,,,5,normal,11.5,10,,,,#REF!,23/12/2025,2025,12,52,115,
Emilio - The Will,"23 Dec 2025, 14:02","23 Dec 2025, 14:39",Enjoyed this. Maybe a bit too easy.,Mace Swing - 360,,,6,normal,11.5,10,,,,#REF!,23/12/2025,2025,12,52,115,
Emilio - The Will,"23 Dec 2025, 14:02","23 Dec 2025, 14:39",Enjoyed this. Maybe a bit too easy.,Mace Swing - 360,,,7,normal,11.5,10,,,,#REF!,23/12/2025,2025,12,52,115,
Emilio - The Push ðï¸,"25 Dec 2025, 15:23","25 Dec 2025, 16:24",This was a tough one for Xmas day!,Mace 10-2 1H,,,0,normal,4,100,,,,#REF!,25/12/2025,2025,12,52,400,
Emilio - The Push ðï¸,"25 Dec 2025, 15:23","25 Dec 2025, 16:24",This was a tough one for Xmas day!,Mace 10-2,,13 mins to complete. Had to do in 50 rep intervals. Forearms suffered.,0,normal,11.5,250,,,,#REF!,25/12/2025,2025,12,52,2875,
Emilio - The Climb,"29 Dec 2025, 17:34","29 Dec 2025, 18:19",,Mace 10-2 1H,,,0,normal,4,38,,,,#REF!,29/12/2025,2025,12,53,152,
Emilio - The Climb,"29 Dec 2025, 17:34","29 Dec 2025, 18:19",,Mace 10-2 1H,,,1,normal,8,35,,,,#REF!,29/12/2025,2025,12,53,280,
Emilio - The Climb,"29 Dec 2025, 17:34","29 Dec 2025, 18:19",,Mace 10-2 1H,,,2,normal,8,36,,,,#REF!,29/12/2025,2025,12,53,288,
Emilio - The Climb,"29 Dec 2025, 17:34","29 Dec 2025, 18:19",,Mace 10-2 1H,,,3,normal,8,36,,,,#REF!,29/12/2025,2025,12,53,288,
Emilio - The Climb,"29 Dec 2025, 17:34","29 Dec 2025, 18:19",,Mace 10-2 1H,,,4,normal,8,36,,,,#REF!,29/12/2025,2025,12,53,288,
Emilio - The Climb,"29 Dec 2025, 17:34","29 Dec 2025, 18:19",,Mace 10-2 1H,,,5,normal,8,36,,,,#REF!,29/12/2025,2025,12,53,288,
Emilio - The Climb,"29 Dec 2025, 17:34","29 Dec 2025, 18:19",,Mace 10-2 1H,,,6,normal,8,36,,,,#REF!,29/12/2025,2025,12,53,288,
Emilio - The Will,"31 Dec 2025, 16:55","31 Dec 2025, 17:51",Single arm 360âs today. Very challenging as the mace is very keen to fly wayward.,Mace Swing - 360,,,0,normal,10,10,,,,#REF!,31/12/2025,2025,12,53,100,
Emilio - The Will,"31 Dec 2025, 16:55","31 Dec 2025, 17:51",Single arm 360âs today. Very challenging as the mace is very keen to fly wayward.,Mace Swing - 360,,,1,normal,12.7,10,,,,#REF!,31/12/2025,2025,12,53,127,
Emilio - The Will,"31 Dec 2025, 16:55","31 Dec 2025, 17:51",Single arm 360âs today. Very challenging as the mace is very keen to fly wayward.,Mace Swing - 360,,,2,normal,12.7,10,,,,#REF!,31/12/2025,2025,12,53,127,
Emilio - The Will,"31 Dec 2025, 16:55","31 Dec 2025, 17:51",Single arm 360âs today. Very challenging as the mace is very keen to fly wayward.,Mace Swing - 360,,,3,normal,12.7,10,,,,#REF!,31/12/2025,2025,12,53,127,
Emilio - The Will,"31 Dec 2025, 16:55","31 Dec 2025, 17:51",Single arm 360âs today. Very challenging as the mace is very keen to fly wayward.,Mace Swing - 360,,,4,normal,12.7,10,,,,#REF!,31/12/2025,2025,12,53,127,
Emilio - The Will,"31 Dec 2025, 16:55","31 Dec 2025, 17:51",Single arm 360âs today. Very challenging as the mace is very keen to fly wayward.,Mace Swing - 360,,,5,normal,12.7,10,,,,#REF!,31/12/2025,2025,12,53,127,
Emilio - The Will,"31 Dec 2025, 16:55","31 Dec 2025, 17:51",Single arm 360âs today. Very challenging as the mace is very keen to fly wayward.,Mace 360 1H,,,0,normal,8,40,,,,#REF!,31/12/2025,2025,12,53,320,
Emilio - The Will,"31 Dec 2025, 16:55","31 Dec 2025, 17:51",Single arm 360âs today. Very challenging as the mace is very keen to fly wayward.,Mace 360 1H,,,1,normal,8,40,,,,#REF!,31/12/2025,2025,12,53,320,
Emilio - The Will,"31 Dec 2025, 16:55","31 Dec 2025, 17:51",Single arm 360âs today. Very challenging as the mace is very keen to fly wayward.,Mace 360 1H,,,2,normal,8,40,,,,#REF!,31/12/2025,2025,12,53,320,
Emilio - The Will,"31 Dec 2025, 16:55","31 Dec 2025, 17:51",Single arm 360âs today. Very challenging as the mace is very keen to fly wayward.,Mace 360 1H,,,3,normal,8,40,,,,#REF!,31/12/2025,2025,12,53,320,
Emilio - The Will,"31 Dec 2025, 16:55","31 Dec 2025, 17:51",Single arm 360âs today. Very challenging as the mace is very keen to fly wayward.,Mace 360 1H,,,4,normal,8,40,,,,#REF!,31/12/2025,2025,12,53,320,
Emilio - The Push ðï¸,"2 Jan 2026, 15:14","2 Jan 2026, 16:34",Really bloody tough. 12.7kg for 300 reps but I had to break it into 50 rep chunks to get through it.,Mace 10-2 1H,,,0,normal,4,100,,,,#REF!,02/01/2026,2026,1,1,400,
Emilio - The Push ðï¸,"2 Jan 2026, 15:14","2 Jan 2026, 16:34",Really bloody tough. 12.7kg for 300 reps but I had to break it into 50 rep chunks to get through it.,Mace 360 1H,,,0,normal,4,80,,,,#REF!,02/01/2026,2026,1,1,320,
Emilio - The Push ðï¸,"2 Jan 2026, 15:14","2 Jan 2026, 16:34",Really bloody tough. 12.7kg for 300 reps but I had to break it into 50 rep chunks to get through it.,Mace 10-2,,13 mins to complete. Had to do in 50 rep intervals. Forearms suffered.,0,normal,12.7,50,,,,#REF!,02/01/2026,2026,1,1,635,
Emilio - The Push ðï¸,"2 Jan 2026, 15:14","2 Jan 2026, 16:34",Really bloody tough. 12.7kg for 300 reps but I had to break it into 50 rep chunks to get through it.,Mace 10-2,,13 mins to complete. Had to do in 50 rep intervals. Forearms suffered.,1,normal,12.7,50,,,,#REF!,02/01/2026,2026,1,1,635,
Emilio - The Push ðï¸,"2 Jan 2026, 15:14","2 Jan 2026, 16:34",Really bloody tough. 12.7kg for 300 reps but I had to break it into 50 rep chunks to get through it.,Mace 10-2,,13 mins to complete. Had to do in 50 rep intervals. Forearms suffered.,2,normal,12.7,50,,,,#REF!,02/01/2026,2026,1,1,635,
Emilio - The Push ðï¸,"2 Jan 2026, 15:14","2 Jan 2026, 16:34",Really bloody tough. 12.7kg for 300 reps but I had to break it into 50 rep chunks to get through it.,Mace 10-2,,13 mins to complete. Had to do in 50 rep intervals. Forearms suffered.,3,normal,12.7,50,,,,#REF!,02/01/2026,2026,1,1,635,
Emilio - The Push ðï¸,"2 Jan 2026, 15:14","2 Jan 2026, 16:34",Really bloody tough. 12.7kg for 300 reps but I had to break it into 50 rep chunks to get through it.,Mace 10-2,,13 mins to complete. Had to do in 50 rep intervals. Forearms suffered.,4,normal,12.7,50,,,,#REF!,02/01/2026,2026,1,1,635,
Emilio - The Push ðï¸,"2 Jan 2026, 15:14","2 Jan 2026, 16:34",Really bloody tough. 12.7kg for 300 reps but I had to break it into 50 rep chunks to get through it.,Mace 10-2,,13 mins to complete. Had to do in 50 rep intervals. Forearms suffered.,5,normal,12.7,50,,,,#REF!,02/01/2026,2026,1,1,635,
Emilio - The Climb,"7 Jan 2026, 13:21","7 Jan 2026, 14:16",,Mace 10-2 1H,,,0,normal,4,100,,,,#REF!,07/01/2026,2026,1,2,400,
Emilio - The Climb,"7 Jan 2026, 13:21","7 Jan 2026, 14:16",,Mace 10-2,,5 min comp sets,0,normal,10,197,,,,#REF!,07/01/2026,2026,1,2,1970,
Emilio - The Climb,"7 Jan 2026, 13:21","7 Jan 2026, 14:16",,Mace 10-2,,5 min comp sets,1,normal,10,167,,,,#REF!,07/01/2026,2026,1,2,1670,
Emilio - The Push ðï¸,"8 Jan 2026, 18:41","8 Jan 2026, 19:29",,Mace 10-2 1H,,,0,normal,4,100,,,,#REF!,08/01/2026,2026,1,2,400,
Emilio - The Push ðï¸,"8 Jan 2026, 18:41","8 Jan 2026, 19:29",,Mace 10-2 1H,,,1,normal,8,50,,,,#REF!,08/01/2026,2026,1,2,400,
Emilio - The Push ðï¸,"8 Jan 2026, 18:41","8 Jan 2026, 19:29",,Mace 10-2 1H,,,2,normal,8,50,,,,#REF!,08/01/2026,2026,1,2,400,
Emilio - The Push ðï¸,"8 Jan 2026, 18:41","8 Jan 2026, 19:29",,Mace 10-2 1H,,,3,normal,8,50,,,,#REF!,08/01/2026,2026,1,2,400,
Emilio - The Push ðï¸,"8 Jan 2026, 18:41","8 Jan 2026, 19:29",,Mace 10-2 1H,,,4,normal,,50,,,,#REF!,08/01/2026,2026,1,2,0,
Agatsu mace comp,"11 Jan 2026, 11:55","11 Jan 2026, 12:25",5 min 10-2 @10kg\n5 min 360 @8kg,Mace 10-2,,,0,normal,10,197,,,,#REF!,11/01/2026,2026,1,3,1970,
Agatsu mace comp,"11 Jan 2026, 11:55","11 Jan 2026, 12:25",5 min 10-2 @10kg\n5 min 360 @8kg,Mace Swing - 360,,,0,normal,8,185,,,,#REF!,11/01/2026,2026,1,3,1480,
Restorative work,"14 Jan 2026, 13:21","14 Jan 2026, 13:41",I have tendinitis flaring in my arm so Iâm having a light week,Mace 10-2 1H,,,0,normal,4,50,,,,#REF!,14/01/2026,2026,1,3,200,
Gentle mace and bells,"20 Jan 2026, 12:45","20 Jan 2026, 13:24",,Mace 10-2 1H,,,0,normal,6,50,,,,#REF!,20/01/2026,2026,1,4,300,
Gentle mace and bells,"20 Jan 2026, 12:45","20 Jan 2026, 13:24",,Mace 10-2 1H,,,1,normal,6,50,,,,#REF!,20/01/2026,2026,1,4,300,
Gentle mace and bells,"20 Jan 2026, 12:45","20 Jan 2026, 13:24",,Mace 10-2 1H,,,2,normal,6,50,,,,#REF!,20/01/2026,2026,1,4,300,
Gentle mace and bells,"20 Jan 2026, 12:45","20 Jan 2026, 13:24",,Mace 10-2 1H,,,3,normal,6,50,,,,#REF!,20/01/2026,2026,1,4,300,
Testing my arm out,"22 Jan 2026, 13:10","22 Jan 2026, 14:01",Seems ok,Mace 10-2,,,0,normal,8,50,,,,#REF!,22/01/2026,2026,1,4,400,
Testing my arm out,"22 Jan 2026, 13:10","22 Jan 2026, 14:01",Seems ok,Mace 10-2 1H,,,0,normal,6,50,,,,#REF!,22/01/2026,2026,1,4,300,
Testing my arm out,"22 Jan 2026, 13:10","22 Jan 2026, 14:01",Seems ok,Mace 10-2 1H,,,1,normal,8,50,,,,#REF!,22/01/2026,2026,1,4,400,
Testing my arm out,"22 Jan 2026, 13:10","22 Jan 2026, 14:01",Seems ok,Mace 10-2 1H,,,2,normal,6,50,,,,#REF!,22/01/2026,2026,1,4,300,
Testing my arm out,"22 Jan 2026, 13:10","22 Jan 2026, 14:01",Seems ok,Mace 10-2 1H,,,3,normal,6,50,,,,#REF!,22/01/2026,2026,1,4,300,
Lightweight mace,"23 Jan 2026, 18:05","23 Jan 2026, 18:20",,Mace 10-2 1H,,,0,normal,4.5,450,,,,#REF!,23/01/2026,2026,1,4,2025,
Feeling better,"27 Jan 2026, 17:59","27 Jan 2026, 18:54",,Mace 10-2 1H,,,0,normal,4.5,120,,,,#REF!,27/01/2026,2026,1,5,540,
Feeling better,"27 Jan 2026, 17:59","27 Jan 2026, 18:54",,Mace 10-2 1H,,,1,normal,6.1,120,,,,#REF!,27/01/2026,2026,1,5,732,
Feeling better,"27 Jan 2026, 17:59","27 Jan 2026, 18:54",,Mace 10-2 1H,,,2,normal,7.35,120,,,,#REF!,27/01/2026,2026,1,5,882,
Pushing it,"28 Jan 2026, 19:30","28 Jan 2026, 20:05",,Mace 10-2,,,0,normal,8,100,,,,#REF!,28/01/2026,2026,1,5,800,
Pushing it,"28 Jan 2026, 19:30","28 Jan 2026, 20:05",,Mace 10-2,,,1,normal,10,100,,,,#REF!,28/01/2026,2026,1,5,1000,
Pushing it,"28 Jan 2026, 19:30","28 Jan 2026, 20:05",,Mace Swing - 360,,,0,normal,8,100,,,,#REF!,28/01/2026,2026,1,5,800,
Pushing it,"28 Jan 2026, 19:30","28 Jan 2026, 20:05",,Mace 10-2 1H,,,0,normal,4,100,,,,#REF!,28/01/2026,2026,1,5,400,
Modern Day Warrior - Mace 300 entry,"30 Jan 2026, 10:50","30 Jan 2026, 11:06",,Mace 10-2 1H,,,0,normal,4,50,,,,#REF!,30/01/2026,2026,1,5,200,
Modern Day Warrior - Mace 300 entry,"30 Jan 2026, 10:50","30 Jan 2026, 11:06",,Mace 10-2,,,0,normal,8,30,,,,#REF!,30/01/2026,2026,1,5,240,
Modern Day Warrior - Mace 300 entry,"30 Jan 2026, 10:50","30 Jan 2026, 11:06",,Mace 10-2,,,1,normal,10,198,,,,#REF!,30/01/2026,2026,1,5,1980,
More competition entries,"31 Jan 2026, 13:49","31 Jan 2026, 15:33",,Mace Swing - 360,,5 min comp entry,0,normal,10,164,,,,#REF!,31/01/2026,2026,1,5,1640,
More competition entries,"31 Jan 2026, 13:49","31 Jan 2026, 15:33",,Mace 10-2 1H,,,0,normal,8,177,,,,#REF!,31/01/2026,2026,1,5,1416,
Conditioning,"2 Feb 2026, 13:16","2 Feb 2026, 13:45",,Mace 10-2 1H,,,0,normal,6.1,20,,,,#REF!,02/02/2026,2026,2,6,122,
Conditioning,"2 Feb 2026, 13:16","2 Feb 2026, 13:45",,Mace 10-2 1H,,,1,normal,6.1,20,,,,#REF!,02/02/2026,2026,2,6,122,
Conditioning,"2 Feb 2026, 13:16","2 Feb 2026, 13:45",,Mace 10-2 1H,,,2,normal,6.1,20,,,,#REF!,02/02/2026,2026,2,6,122,
Conditioning,"2 Feb 2026, 13:16","2 Feb 2026, 13:45",,Mace 10-2 1H,,,3,normal,6.1,20,,,,#REF!,02/02/2026,2026,2,6,122,
Conditioning,"2 Feb 2026, 13:16","2 Feb 2026, 13:45",,Mace 10-2 1H,,,4,normal,6.1,20,,,,#REF!,02/02/2026,2026,2,6,122,
Conditioning,"2 Feb 2026, 13:16","2 Feb 2026, 13:45",,Mace 10-2 1H,,,5,normal,6.1,20,,,,#REF!,02/02/2026,2026,2,6,122,
Conditioning,"2 Feb 2026, 13:16","2 Feb 2026, 13:45",,Mace 10-2 1H,,,6,normal,6.1,20,,,,#REF!,02/02/2026,2026,2,6,122,
Comp prep,"3 Feb 2026, 18:08","3 Feb 2026, 19:08",,Mace 10-2 1H,,,0,normal,6.1,108,,,,#REF!,03/02/2026,2026,2,6,658.8,
Comp prep,"3 Feb 2026, 18:08","3 Feb 2026, 19:08",,Mace 10-2 1H,,,1,normal,6.1,106,,,,#REF!,03/02/2026,2026,2,6,646.6,
Comp prep,"3 Feb 2026, 18:08","3 Feb 2026, 19:08",,Mace 10-2 1H,,,2,normal,6.1,106,,,,#REF!,03/02/2026,2026,2,6,646.6,
Comp prep,"3 Feb 2026, 18:08","3 Feb 2026, 19:08",,Mace 10-2 1H,,,3,normal,6.1,103,,,,#REF!,03/02/2026,2026,2,6,628.3,
Comp prep,"3 Feb 2026, 18:08","3 Feb 2026, 19:08",,Mace 10-2 1H,,,4,normal,6.1,105,,,,#REF!,03/02/2026,2026,2,6,640.5,
Comp prep,"3 Feb 2026, 18:08","3 Feb 2026, 19:08",,Mace 10-2 1H,,,5,normal,6.1,105,,,,#REF!,03/02/2026,2026,2,6,640.5,
Comp prep,"3 Feb 2026, 18:08","3 Feb 2026, 19:08",,Mace 10-2 1H,,,6,normal,6.1,105,,,,#REF!,03/02/2026,2026,2,6,640.5,
Comp prep,"3 Feb 2026, 18:08","3 Feb 2026, 19:08",,Mace 10-2 1H,,,7,normal,6.1,105,,,,#REF!,03/02/2026,2026,2,6,640.5,
Comp prep,"3 Feb 2026, 18:08","3 Feb 2026, 19:08",,Mace 10-2 1H,,,8,normal,6.1,50,,,,#REF!,03/02/2026,2026,2,6,305,
Deadlift face,"4 Feb 2026, 13:14","4 Feb 2026, 14:00",,Mace 10-2,,,0,normal,8,100,,,,#REF!,04/02/2026,2026,2,6,800,
Deadlift face,"4 Feb 2026, 13:14","4 Feb 2026, 14:00",,Mace 10-2,,,1,normal,8,100,,,,#REF!,04/02/2026,2026,2,6,800,
Deadlift face,"4 Feb 2026, 13:14","4 Feb 2026, 14:00",,Mace 10-2,,,2,normal,8,100,,,,#REF!,04/02/2026,2026,2,6,800,
Deadlift face,"4 Feb 2026, 13:14","4 Feb 2026, 14:00",,Mace 10-2,,,3,normal,8,100,,,,#REF!,04/02/2026,2026,2,6,800,
Heavy and endurance,"7 Feb 2026, 16:32","7 Feb 2026, 17:39",,Mace 10-2 1H,,,0,normal,4,100,,,,#REF!,07/02/2026,2026,2,6,400,
Heavy and endurance,"7 Feb 2026, 16:32","7 Feb 2026, 17:39",,Mace 10-2 1H,,,1,normal,6.1,500,,,,#REF!,07/02/2026,2026,2,6,3050,
Heavy and endurance,"7 Feb 2026, 16:32","7 Feb 2026, 17:39",,Mace 10-2,,,0,normal,8,50,,,,#REF!,07/02/2026,2026,2,6,400,
Heavy and endurance,"7 Feb 2026, 16:32","7 Feb 2026, 17:39",,Mace 10-2,,,1,normal,10,50,,,,#REF!,07/02/2026,2026,2,6,500,
Heavy and endurance,"7 Feb 2026, 16:32","7 Feb 2026, 17:39",,Mace 10-2,,,2,normal,12.75,20,,,,#REF!,07/02/2026,2026,2,6,255,
Heavy and endurance,"7 Feb 2026, 16:32","7 Feb 2026, 17:39",,Mace 10-2,,,3,normal,14,20,,,,#REF!,07/02/2026,2026,2,6,280,
Heavy and endurance,"7 Feb 2026, 16:32","7 Feb 2026, 17:39",,Mace 10-2,,,4,normal,15.25,20,,,,#REF!,07/02/2026,2026,2,6,305,
Operation badass,"9 Feb 2026, 18:56","9 Feb 2026, 19:36",,Mace 10-2 1H,,,0,normal,6.1,20,,,,#REF!,09/02/2026,2026,2,7,122,
Operation badass,"9 Feb 2026, 18:56","9 Feb 2026, 19:36",,Mace 10-2 1H,,,1,normal,8,20,,,,#REF!,09/02/2026,2026,2,7,160,
Operation badass,"9 Feb 2026, 18:56","9 Feb 2026, 19:36",,Mace 10-2 1H,,,2,normal,8,106,,,,#REF!,09/02/2026,2026,2,7,848,
Operation badass,"9 Feb 2026, 18:56","9 Feb 2026, 19:36",,Mace 10-2 1H,,,3,normal,8,103,,,,#REF!,09/02/2026,2026,2,7,824,
Operation badass,"9 Feb 2026, 18:56","9 Feb 2026, 19:36",,Mace 10-2 1H,,,4,normal,8,105,,,,#REF!,09/02/2026,2026,2,7,840,
Operation badass,"9 Feb 2026, 18:56","9 Feb 2026, 19:36",,Mace 10-2 1H,,,5,normal,8,105,,,,#REF!,09/02/2026,2026,2,7,840,
Operation badass,"9 Feb 2026, 18:56","9 Feb 2026, 19:36",,Mace 10-2 1H,,,6,normal,8,105,,,,#REF!,09/02/2026,2026,2,7,840,
Operation badass,"9 Feb 2026, 18:56","9 Feb 2026, 19:36",,Mace 10-2 1H,,,7,normal,8,105,,,,#REF!,09/02/2026,2026,2,7,840,
Furious and jacked,"11 Feb 2026, 13:55","11 Feb 2026, 14:59",,Mace 10-2 1H,,,0,normal,6.1,106,,,,#REF!,11/02/2026,2026,2,7,646.6,
Furious and jacked,"11 Feb 2026, 13:55","11 Feb 2026, 14:59",,Mace 10-2 1H,,,1,normal,6.1,106,,,,#REF!,11/02/2026,2026,2,7,646.6,
Furious and jacked,"11 Feb 2026, 13:55","11 Feb 2026, 14:59",,Mace 10-2 1H,,,2,normal,6.1,106,,,,#REF!,11/02/2026,2026,2,7,646.6,
Furious and jacked,"11 Feb 2026, 13:55","11 Feb 2026, 14:59",,Mace 10-2 1H,,,3,normal,6.1,109,,,,#REF!,11/02/2026,2026,2,7,664.9,
Furious and jacked,"11 Feb 2026, 13:55","11 Feb 2026, 14:59",,Mace 10-2 1H,,,4,normal,6.1,105,,,,#REF!,11/02/2026,2026,2,7,640.5,
Furious and jacked,"11 Feb 2026, 13:55","11 Feb 2026, 14:59",,Mace 10-2,,,0,normal,8,114,,,,#REF!,11/02/2026,2026,2,7,912,
Furious and jacked,"11 Feb 2026, 13:55","11 Feb 2026, 14:59",,Mace 10-2,,,1,normal,10,110,,,,#REF!,11/02/2026,2026,2,7,1100,
Furious and jacked,"11 Feb 2026, 13:55","11 Feb 2026, 14:59",,Mace 10-2,,,2,normal,10,113,,,,#REF!,11/02/2026,2026,2,7,1130,
Furious and jacked,"11 Feb 2026, 13:55","11 Feb 2026, 14:59",,Mace 10-2,,,3,normal,10,105,,,,#REF!,11/02/2026,2026,2,7,1050,
Furious and jacked,"11 Feb 2026, 13:55","11 Feb 2026, 14:59",,Mace 10-2,,,4,normal,8,115,,,,#REF!,11/02/2026,2026,2,7,920,
"Mace, bells and bags","13 Feb 2026, 12:40","13 Feb 2026, 14:09",,KB Long Cycle,,2x8kg,0,normal,8,5,,,,#REF!,13/02/2026,2026,2,7,40,
"Mace, bells and bags","13 Feb 2026, 12:40","13 Feb 2026, 14:09",,KB Long Cycle,,2x8kg,1,normal,8,5,,,,#REF!,13/02/2026,2026,2,7,40,
"Mace, bells and bags","13 Feb 2026, 12:40","13 Feb 2026, 14:09",,KB Long Cycle,,2x8kg,2,normal,8,5,,,,#REF!,13/02/2026,2026,2,7,40,
"Mace, bells and bags","13 Feb 2026, 12:40","13 Feb 2026, 14:09",,KB Long Cycle,,2x8kg,3,normal,8,5,,,,#REF!,13/02/2026,2026,2,7,40,
"Mace, bells and bags","13 Feb 2026, 12:40","13 Feb 2026, 14:09",,KB Long Cycle,,2x8kg,4,normal,8,5,,,,#REF!,13/02/2026,2026,2,7,40,
"Mace, bells and bags","13 Feb 2026, 12:40","13 Feb 2026, 14:09",,Mace 10-2 1H,,,0,normal,6.1,120,,,,#REF!,13/02/2026,2026,2,7,732,
"Mace, bells and bags","13 Feb 2026, 12:40","13 Feb 2026, 14:09",,Mace 10-2 1H,,,1,normal,7.5,120,,,,#REF!,13/02/2026,2026,2,7,900,
"Mace, bells and bags","13 Feb 2026, 12:40","13 Feb 2026, 14:09",,Mace 10-2 1H,,,2,normal,7.5,120,,,,#REF!,13/02/2026,2026,2,7,900,
"Mace, bells and bags","13 Feb 2026, 12:40","13 Feb 2026, 14:09",,Mace 10-2 1H,,,3,normal,7.5,120,,,,#REF!,13/02/2026,2026,2,7,900,
"Mace, bells and bags","13 Feb 2026, 12:40","13 Feb 2026, 14:09",,Mace 10-2 1H,,,4,normal,7.5,120,,,,#REF!,13/02/2026,2026,2,7,900,
"Mace, bells and bags","13 Feb 2026, 12:40","13 Feb 2026, 14:09",,Mace 10-2 1H,,,5,normal,7.5,120,,,,#REF!,13/02/2026,2026,2,7,900,
"Mace, bells and bags","13 Feb 2026, 12:40","13 Feb 2026, 14:09",,Mace 10-2 1H,,,6,normal,7.5,70,,,,#REF!,13/02/2026,2026,2,7,525,
96 bloody deadlifts!,"17 Feb 2026, 18:40","17 Feb 2026, 19:34",,Mace 10-2 1H,,T,0,normal,7.4,24,,,,#REF!,17/02/2026,2026,2,8,177.6,
96 bloody deadlifts!,"17 Feb 2026, 18:40","17 Feb 2026, 19:34",,Mace 10-2 1H,,T,1,normal,7.5,24,,,,#REF!,17/02/2026,2026,2,8,180,
96 bloody deadlifts!,"17 Feb 2026, 18:40","17 Feb 2026, 19:34",,Mace 10-2 1H,,T,2,normal,8,24,,,,#REF!,17/02/2026,2026,2,8,192,
96 bloody deadlifts!,"17 Feb 2026, 18:40","17 Feb 2026, 19:34",,Mace 10-2 1H,,T,3,normal,8,24,,,,#REF!,17/02/2026,2026,2,8,192,
96 bloody deadlifts!,"17 Feb 2026, 18:40","17 Feb 2026, 19:34",,Mace 10-2 1H,,T,4,normal,8,24,,,,#REF!,17/02/2026,2026,2,8,192,
96 bloody deadlifts!,"17 Feb 2026, 18:40","17 Feb 2026, 19:34",,Mace 10-2 1H,,T,5,normal,8,24,,,,#REF!,17/02/2026,2026,2,8,192,
96 bloody deadlifts!,"17 Feb 2026, 18:40","17 Feb 2026, 19:34",,Mace 10-2 1H,,T,6,normal,8,30,,,,#REF!,17/02/2026,2026,2,8,240,
96 bloody deadlifts!,"17 Feb 2026, 18:40","17 Feb 2026, 19:34",,Mace 10-2 1H,,T,7,normal,8,24,,,,#REF!,17/02/2026,2026,2,8,192,
Record single arm,"19 Feb 2026, 13:31","19 Feb 2026, 14:16",,Mace 10-2,,,0,normal,8,153,,,,#REF!,19/02/2026,2026,2,8,1224,
Record single arm,"19 Feb 2026, 13:31","19 Feb 2026, 14:16",,Mace 10-2 1H,,,0,normal,10,40,,,,#REF!,19/02/2026,2026,2,8,400,
Record single arm,"19 Feb 2026, 13:31","19 Feb 2026, 14:16",,Mace 10-2 1H,,,1,normal,7.5,87,,,,#REF!,19/02/2026,2026,2,8,652.5,
Record single arm,"19 Feb 2026, 13:31","19 Feb 2026, 14:16",,Mace 10-2 1H,,,2,normal,7.5,140,,,,#REF!,19/02/2026,2026,2,8,1050,
Record single arm,"19 Feb 2026, 13:31","19 Feb 2026, 14:16",,Mace 10-2 1H,,,3,normal,7.5,140,,,,#REF!,19/02/2026,2026,2,8,1050,
Record single arm,"19 Feb 2026, 13:31","19 Feb 2026, 14:16",,Mace 10-2 1H,,,4,normal,7.5,120,,,,#REF!,19/02/2026,2026,2,8,900,
Record single arm,"19 Feb 2026, 13:31","19 Feb 2026, 14:16",,Mace 10-2 1H,,,5,normal,7.5,144,,,,#REF!,19/02/2026,2026,2,8,1080,
Comp day,"21 Feb 2026, 12:32","21 Feb 2026, 13:02",,Mace 10-2 1H,,,0,normal,7.5,1101,,,,#REF!,21/02/2026,2026,2,8,8257.5,
Tired today,"24 Feb 2026, 10:35","24 Feb 2026, 11:06",,Mace 10-2,,,0,normal,8,30,,,,#REF!,24/02/2026,2026,2,9,240,
Tired today,"24 Feb 2026, 10:35","24 Feb 2026, 11:06",,Mace 10-2,,,1,normal,14,30,,,,#REF!,24/02/2026,2026,2,9,420,
Tired today,"24 Feb 2026, 10:35","24 Feb 2026, 11:06",,Mace 10-2,,,2,normal,14,30,,,,#REF!,24/02/2026,2026,2,9,420,
Viking warrior Conditioning test,"27 Feb 2026, 17:36","27 Feb 2026, 17:41",,Kettlebell Snatch,,,0,normal,8,10,,,,#REF!,27/02/2026,2026,2,9,80,
Viking warrior Conditioning test,"27 Feb 2026, 17:36","27 Feb 2026, 17:41",,Kettlebell Snatch,,,1,normal,8,14,,,,#REF!,27/02/2026,2026,2,9,112,
Viking warrior Conditioning test,"27 Feb 2026, 17:36","27 Feb 2026, 17:41",,Kettlebell Snatch,,,2,normal,8,18,,,,#REF!,27/02/2026,2026,2,9,144,
Viking warrior Conditioning test,"27 Feb 2026, 17:36","27 Feb 2026, 17:41",,Kettlebell Snatch,,,3,normal,8,22,,,,#REF!,27/02/2026,2026,2,9,176,
Viking warrior Conditioning test,"27 Feb 2026, 17:36","27 Feb 2026, 17:41",,Kettlebell Snatch,,,4,normal,8,24,,,,#REF!,27/02/2026,2026,2,9,192,
Endurance sesh,"28 Feb 2026, 15:27","28 Feb 2026, 16:42",,Mace 10-2 1H,,,0,normal,6,170,,,,#REF!,28/02/2026,2026,2,9,1020,
Endurance sesh,"28 Feb 2026, 15:27","28 Feb 2026, 16:42",,Mace 10-2 1H,,,1,normal,6,175,,,,#REF!,28/02/2026,2026,2,9,1050,
Endurance sesh,"28 Feb 2026, 15:27","28 Feb 2026, 16:42",,Mace 10-2 1H,,,2,normal,6,177,,,,#REF!,28/02/2026,2026,2,9,1062,
Endurance sesh,"28 Feb 2026, 15:27","28 Feb 2026, 16:42",,Mace 10-2 1H,,,3,normal,6,174,,,,#REF!,28/02/2026,2026,2,9,1044,
Endurance sesh,"28 Feb 2026, 15:27","28 Feb 2026, 16:42",,Mace 10-2 1H,,,4,normal,6,165,,,,#REF!,28/02/2026,2026,2,9,990,
Partner session,"1 Mar 2026, 14:24","1 Mar 2026, 15:40",,KB Long Cycle,,,0,normal,12,5,,,,#REF!,01/03/2026,2026,3,10,60,
Partner session,"1 Mar 2026, 14:24","1 Mar 2026, 15:40",,KB Long Cycle,,,1,normal,12,5,,,,#REF!,01/03/2026,2026,3,10,60,
Partner session,"1 Mar 2026, 14:24","1 Mar 2026, 15:40",,KB Long Cycle,,,2,normal,12,5,,,,#REF!,01/03/2026,2026,3,10,60,
Partner session,"1 Mar 2026, 14:24","1 Mar 2026, 15:40",,KB Long Cycle,,,3,normal,12,5,,,,#REF!,01/03/2026,2026,3,10,60,
Partner session,"1 Mar 2026, 14:24","1 Mar 2026, 15:40",,KB Long Cycle,,,4,normal,12,5,,,,#REF!,01/03/2026,2026,3,10,60,
Partner session,"1 Mar 2026, 14:24","1 Mar 2026, 15:40",,Mace 10-2,,,0,normal,10,120,,,,#REF!,01/03/2026,2026,3,10,1200,
Partner session,"1 Mar 2026, 14:24","1 Mar 2026, 15:40",,Mace 10-2,,,1,normal,10,120,,,,#REF!,01/03/2026,2026,3,10,1200,
Partner session,"1 Mar 2026, 14:24","1 Mar 2026, 15:40",,Mace 10-2,,,2,normal,10,120,,,,#REF!,01/03/2026,2026,3,10,1200,
Viking Warrior Conditioning,"2 Mar 2026, 18:59","2 Mar 2026, 19:15",,Kettlebell Snatch,,,0,normal,8,7,,,,#REF!,02/03/2026,2026,3,10,56,
Viking Warrior Conditioning,"2 Mar 2026, 18:59","2 Mar 2026, 19:15",,Kettlebell Snatch,,,1,normal,8,7,,,,#REF!,02/03/2026,2026,3,10,56,
Viking Warrior Conditioning,"2 Mar 2026, 18:59","2 Mar 2026, 19:15",,Kettlebell Snatch,,,2,normal,8,7,,,,#REF!,02/03/2026,2026,3,10,56,
Viking Warrior Conditioning,"2 Mar 2026, 18:59","2 Mar 2026, 19:15",,Kettlebell Snatch,,,3,normal,8,7,,,,#REF!,02/03/2026,2026,3,10,56,
Viking Warrior Conditioning,"2 Mar 2026, 18:59","2 Mar 2026, 19:15",,Kettlebell Snatch,,,4,normal,8,7,,,,#REF!,02/03/2026,2026,3,10,56,
Viking Warrior Conditioning,"2 Mar 2026, 18:59","2 Mar 2026, 19:15",,Kettlebell Snatch,,,5,normal,8,7,,,,#REF!,02/03/2026,2026,3,10,56,
Viking Warrior Conditioning,"2 Mar 2026, 18:59","2 Mar 2026, 19:15",,Kettlebell Snatch,,,6,normal,8,7,,,,#REF!,02/03/2026,2026,3,10,56,
Viking Warrior Conditioning,"2 Mar 2026, 18:59","2 Mar 2026, 19:15",,Kettlebell Snatch,,,7,normal,8,7,,,,#REF!,02/03/2026,2026,3,10,56,
Viking Warrior Conditioning,"2 Mar 2026, 18:59","2 Mar 2026, 19:15",,Kettlebell Snatch,,,8,normal,8,7,,,,#REF!,02/03/2026,2026,3,10,56,
Viking Warrior Conditioning,"2 Mar 2026, 18:59","2 Mar 2026, 19:15",,Kettlebell Snatch,,,9,normal,8,7,,,,#REF!,02/03/2026,2026,3,10,56,
Viking Warrior Conditioning,"2 Mar 2026, 18:59","2 Mar 2026, 19:15",,Kettlebell Snatch,,,10,normal,8,7,,,,#REF!,02/03/2026,2026,3,10,56,
Viking Warrior Conditioning,"2 Mar 2026, 18:59","2 Mar 2026, 19:15",,Kettlebell Snatch,,,11,normal,8,7,,,,#REF!,02/03/2026,2026,3,10,56,
Viking Warrior Conditioning,"2 Mar 2026, 18:59","2 Mar 2026, 19:15",,Kettlebell Snatch,,,12,normal,8,7,,,,#REF!,02/03/2026,2026,3,10,56,
Viking Warrior Conditioning,"2 Mar 2026, 18:59","2 Mar 2026, 19:15",,Kettlebell Snatch,,,13,normal,8,7,,,,#REF!,02/03/2026,2026,3,10,56,
Viking Warrior Conditioning,"2 Mar 2026, 18:59","2 Mar 2026, 19:15",,Kettlebell Snatch,,,14,normal,8,7,,,,#REF!,02/03/2026,2026,3,10,56,
Viking Warrior Conditioning,"2 Mar 2026, 18:59","2 Mar 2026, 19:15",,Kettlebell Snatch,,,15,normal,8,7,,,,#REF!,02/03/2026,2026,3,10,56,
Viking Warrior Conditioning,"2 Mar 2026, 18:59","2 Mar 2026, 19:15",,Kettlebell Snatch,,,16,normal,8,7,,,,#REF!,02/03/2026,2026,3,10,56,
Viking Warrior Conditioning,"2 Mar 2026, 18:59","2 Mar 2026, 19:15",,Kettlebell Snatch,,,17,normal,8,7,,,,#REF!,02/03/2026,2026,3,10,56,
Viking Warrior Conditioning,"2 Mar 2026, 18:59","2 Mar 2026, 19:15",,Kettlebell Snatch,,,18,normal,8,7,,,,#REF!,02/03/2026,2026,3,10,56,
Viking Warrior Conditioning,"2 Mar 2026, 18:59","2 Mar 2026, 19:15",,Kettlebell Snatch,,,19,normal,8,7,,,,#REF!,02/03/2026,2026,3,10,56,
Viking Warrior Conditioning,"2 Mar 2026, 18:59","2 Mar 2026, 19:15",,Kettlebell Snatch,,,20,normal,8,7,,,,#REF!,02/03/2026,2026,3,10,56,
Viking Warrior Conditioning,"2 Mar 2026, 18:59","2 Mar 2026, 19:15",,Kettlebell Snatch,,,21,normal,8,7,,,,#REF!,02/03/2026,2026,3,10,56,
Viking Warrior Conditioning,"2 Mar 2026, 18:59","2 Mar 2026, 19:15",,Kettlebell Snatch,,,22,normal,8,7,,,,#REF!,02/03/2026,2026,3,10,56,
Viking Warrior Conditioning,"2 Mar 2026, 18:59","2 Mar 2026, 19:15",,Kettlebell Snatch,,,23,normal,8,7,,,,#REF!,02/03/2026,2026,3,10,56,
Viking Warrior Conditioning,"2 Mar 2026, 18:59","2 Mar 2026, 19:15",,Kettlebell Snatch,,,24,normal,8,7,,,,#REF!,02/03/2026,2026,3,10,56,
Viking Warrior Conditioning,"2 Mar 2026, 18:59","2 Mar 2026, 19:15",,Kettlebell Snatch,,,25,normal,8,7,,,,#REF!,02/03/2026,2026,3,10,56,
Emilio - The Climb,"3 Mar 2026, 18:02","3 Mar 2026, 18:55",Really tired. Couldnât finish.,Mace 10-2,,,0,normal,10,40,,,,#REF!,03/03/2026,2026,3,10,400,
Emilio - The Climb,"3 Mar 2026, 18:02","3 Mar 2026, 18:55",Really tired. Couldnât finish.,Mace 10-2,,,1,normal,14,20,,,,#REF!,03/03/2026,2026,3,10,280,
Emilio - The Climb,"3 Mar 2026, 18:02","3 Mar 2026, 18:55",Really tired. Couldnât finish.,Mace 10-2,,,2,normal,14,20,,,,#REF!,03/03/2026,2026,3,10,280,
Emilio - The Climb,"3 Mar 2026, 18:02","3 Mar 2026, 18:55",Really tired. Couldnât finish.,Mace 10-2,,,3,normal,14,20,,,,#REF!,03/03/2026,2026,3,10,280,
Sunshine session,"4 Mar 2026, 12:54","4 Mar 2026, 14:07",,Mace 10-2 1H,,3 mins on 1 min off,0,normal,6,104,,,,#REF!,04/03/2026,2026,3,10,624,
Sunshine session,"4 Mar 2026, 12:54","4 Mar 2026, 14:07",,Mace 10-2 1H,,3 mins on 1 min off,1,normal,6,104,,,,#REF!,04/03/2026,2026,3,10,624,
Sunshine session,"4 Mar 2026, 12:54","4 Mar 2026, 14:07",,Mace 10-2 1H,,3 mins on 1 min off,2,normal,6,104,,,,#REF!,04/03/2026,2026,3,10,624,
Sunshine session,"4 Mar 2026, 12:54","4 Mar 2026, 14:07",,Mace 10-2 1H,,3 mins on 1 min off,3,normal,6,104,,,,#REF!,04/03/2026,2026,3,10,624,
Sunshine session,"4 Mar 2026, 12:54","4 Mar 2026, 14:07",,Mace 10-2 1H,,3 mins on 1 min off,4,normal,6,106,,,,#REF!,04/03/2026,2026,3,10,636,
Sunshine session,"4 Mar 2026, 12:54","4 Mar 2026, 14:07",,Mace 10-2 1H,,3 mins on 1 min off,5,normal,6,104,,,,#REF!,04/03/2026,2026,3,10,624,
Sunshine session,"4 Mar 2026, 12:54","4 Mar 2026, 14:07",,Mace 10-2 1H,,3 mins on 1 min off,6,normal,6,104,,,,#REF!,04/03/2026,2026,3,10,624,
Sunshine session,"4 Mar 2026, 12:54","4 Mar 2026, 14:07",,Mace 10-2 1H,,3 mins on 1 min off,7,normal,6,104,,,,#REF!,04/03/2026,2026,3,10,624,
Pre-work session,"6 Mar 2026, 08:20","6 Mar 2026, 09:01",,KB Long Cycle,,,0,normal,12,5,,,,#REF!,06/03/2026,2026,3,10,60,
Pre-work session,"6 Mar 2026, 08:20","6 Mar 2026, 09:01",,KB Long Cycle,,,1,normal,12,5,,,,#REF!,06/03/2026,2026,3,10,60,
Pre-work session,"6 Mar 2026, 08:20","6 Mar 2026, 09:01",,KB Long Cycle,,,2,normal,12,5,,,,#REF!,06/03/2026,2026,3,10,60,
Pre-work session,"6 Mar 2026, 08:20","6 Mar 2026, 09:01",,KB Long Cycle,,,3,normal,12,5,,,,#REF!,06/03/2026,2026,3,10,60,
Pre-work session,"6 Mar 2026, 08:20","6 Mar 2026, 09:01",,KB Long Cycle,,,4,normal,12,5,,,,#REF!,06/03/2026,2026,3,10,60,
Mace for lunch,"6 Mar 2026, 14:14","6 Mar 2026, 14:35",,Mace 10-2,,,0,normal,10,140,,,,#REF!,06/03/2026,2026,3,10,1400,
Mace for lunch,"6 Mar 2026, 14:14","6 Mar 2026, 14:35",,Mace 10-2,,,1,normal,10,140,,,,#REF!,06/03/2026,2026,3,10,1400,
Mace for lunch,"6 Mar 2026, 14:14","6 Mar 2026, 14:35",,Mace 10-2,,,2,normal,8,140,,,,#REF!,06/03/2026,2026,3,10,1120,
Viking Warrior Conditioning,"7 Mar 2026, 16:58","7 Mar 2026, 17:23",40 rounds up from 28 last week,Kettlebell Snatch,,,0,normal,8,7,,,,#REF!,07/03/2026,2026,3,10,56,
Viking Warrior Conditioning,"7 Mar 2026, 16:58","7 Mar 2026, 17:23",40 rounds up from 28 last week,Kettlebell Snatch,,,1,normal,8,7,,,,#REF!,07/03/2026,2026,3,10,56,
Viking Warrior Conditioning,"7 Mar 2026, 16:58","7 Mar 2026, 17:23",40 rounds up from 28 last week,Kettlebell Snatch,,,2,normal,8,7,,,,#REF!,07/03/2026,2026,3,10,56,
Viking Warrior Conditioning,"7 Mar 2026, 16:58","7 Mar 2026, 17:23",40 rounds up from 28 last week,Kettlebell Snatch,,,3,normal,8,7,,,,#REF!,07/03/2026,2026,3,10,56,
Viking Warrior Conditioning,"7 Mar 2026, 16:58","7 Mar 2026, 17:23",40 rounds up from 28 last week,Kettlebell Snatch,,,4,normal,8,7,,,,#REF!,07/03/2026,2026,3,10,56,
Viking Warrior Conditioning,"7 Mar 2026, 16:58","7 Mar 2026, 17:23",40 rounds up from 28 last week,Kettlebell Snatch,,,5,normal,8,7,,,,#REF!,07/03/2026,2026,3,10,56,
Viking Warrior Conditioning,"7 Mar 2026, 16:58","7 Mar 2026, 17:23",40 rounds up from 28 last week,Kettlebell Snatch,,,6,normal,8,7,,,,#REF!,07/03/2026,2026,3,10,56,
Viking Warrior Conditioning,"7 Mar 2026, 16:58","7 Mar 2026, 17:23",40 rounds up from 28 last week,Kettlebell Snatch,,,7,normal,8,7,,,,#REF!,07/03/2026,2026,3,10,56,
Viking Warrior Conditioning,"7 Mar 2026, 16:58","7 Mar 2026, 17:23",40 rounds up from 28 last week,Kettlebell Snatch,,,8,normal,8,7,,,,#REF!,07/03/2026,2026,3,10,56,
Viking Warrior Conditioning,"7 Mar 2026, 16:58","7 Mar 2026, 17:23",40 rounds up from 28 last week,Kettlebell Snatch,,,9,normal,8,7,,,,#REF!,07/03/2026,2026,3,10,56,
Viking Warrior Conditioning,"7 Mar 2026, 16:58","7 Mar 2026, 17:23",40 rounds up from 28 last week,Kettlebell Snatch,,,10,normal,8,7,,,,#REF!,07/03/2026,2026,3,10,56,
Viking Warrior Conditioning,"7 Mar 2026, 16:58","7 Mar 2026, 17:23",40 rounds up from 28 last week,Kettlebell Snatch,,,11,normal,8,7,,,,#REF!,07/03/2026,2026,3,10,56,
Viking Warrior Conditioning,"7 Mar 2026, 16:58","7 Mar 2026, 17:23",40 rounds up from 28 last week,Kettlebell Snatch,,,12,normal,8,7,,,,#REF!,07/03/2026,2026,3,10,56,
Viking Warrior Conditioning,"7 Mar 2026, 16:58","7 Mar 2026, 17:23",40 rounds up from 28 last week,Kettlebell Snatch,,,13,normal,8,7,,,,#REF!,07/03/2026,2026,3,10,56,
Viking Warrior Conditioning,"7 Mar 2026, 16:58","7 Mar 2026, 17:23",40 rounds up from 28 last week,Kettlebell Snatch,,,14,normal,8,7,,,,#REF!,07/03/2026,2026,3,10,56,
Viking Warrior Conditioning,"7 Mar 2026, 16:58","7 Mar 2026, 17:23",40 rounds up from 28 last week,Kettlebell Snatch,,,15,normal,8,7,,,,#REF!,07/03/2026,2026,3,10,56,
Viking Warrior Conditioning,"7 Mar 2026, 16:58","7 Mar 2026, 17:23",40 rounds up from 28 last week,Kettlebell Snatch,,,16,normal,8,7,,,,#REF!,07/03/2026,2026,3,10,56,
Viking Warrior Conditioning,"7 Mar 2026, 16:58","7 Mar 2026, 17:23",40 rounds up from 28 last week,Kettlebell Snatch,,,17,normal,8,7,,,,#REF!,07/03/2026,2026,3,10,56,
Viking Warrior Conditioning,"7 Mar 2026, 16:58","7 Mar 2026, 17:23",40 rounds up from 28 last week,Kettlebell Snatch,,,18,normal,8,7,,,,#REF!,07/03/2026,2026,3,10,56,
Viking Warrior Conditioning,"7 Mar 2026, 16:58","7 Mar 2026, 17:23",40 rounds up from 28 last week,Kettlebell Snatch,,,19,normal,8,7,,,,#REF!,07/03/2026,2026,3,10,56,
Viking Warrior Conditioning,"7 Mar 2026, 16:58","7 Mar 2026, 17:23",40 rounds up from 28 last week,Kettlebell Snatch,,,20,normal,8,7,,,,#REF!,07/03/2026,2026,3,10,56,
Viking Warrior Conditioning,"7 Mar 2026, 16:58","7 Mar 2026, 17:23",40 rounds up from 28 last week,Kettlebell Snatch,,,21,normal,8,7,,,,#REF!,07/03/2026,2026,3,10,56,
Viking Warrior Conditioning,"7 Mar 2026, 16:58","7 Mar 2026, 17:23",40 rounds up from 28 last week,Kettlebell Snatch,,,22,normal,8,7,,,,#REF!,07/03/2026,2026,3,10,56,
Viking Warrior Conditioning,"7 Mar 2026, 16:58","7 Mar 2026, 17:23",40 rounds up from 28 last week,Kettlebell Snatch,,,23,normal,8,7,,,,#REF!,07/03/2026,2026,3,10,56,
Viking Warrior Conditioning,"7 Mar 2026, 16:58","7 Mar 2026, 17:23",40 rounds up from 28 last week,Kettlebell Snatch,,,24,normal,8,7,,,,#REF!,07/03/2026,2026,3,10,56,
Viking Warrior Conditioning,"7 Mar 2026, 16:58","7 Mar 2026, 17:23",40 rounds up from 28 last week,Kettlebell Snatch,,,25,normal,8,7,,,,#REF!,07/03/2026,2026,3,10,56,
Viking Warrior Conditioning,"7 Mar 2026, 16:58","7 Mar 2026, 17:23",40 rounds up from 28 last week,Kettlebell Snatch,,,26,normal,8,7,,,,#REF!,07/03/2026,2026,3,10,56,
Viking Warrior Conditioning,"7 Mar 2026, 16:58","7 Mar 2026, 17:23",40 rounds up from 28 last week,Kettlebell Snatch,,,27,normal,8,7,,,,#REF!,07/03/2026,2026,3,10,56,
Viking Warrior Conditioning,"7 Mar 2026, 16:58","7 Mar 2026, 17:23",40 rounds up from 28 last week,Kettlebell Snatch,,,28,normal,8,7,,,,#REF!,07/03/2026,2026,3,10,56,
Viking Warrior Conditioning,"7 Mar 2026, 16:58","7 Mar 2026, 17:23",40 rounds up from 28 last week,Kettlebell Snatch,,,29,normal,8,7,,,,#REF!,07/03/2026,2026,3,10,56,
Viking Warrior Conditioning,"7 Mar 2026, 16:58","7 Mar 2026, 17:23",40 rounds up from 28 last week,Kettlebell Snatch,,,30,normal,8,7,,,,#REF!,07/03/2026,2026,3,10,56,
Viking Warrior Conditioning,"7 Mar 2026, 16:58","7 Mar 2026, 17:23",40 rounds up from 28 last week,Kettlebell Snatch,,,31,normal,8,7,,,,#REF!,07/03/2026,2026,3,10,56,
Viking Warrior Conditioning,"7 Mar 2026, 16:58","7 Mar 2026, 17:23",40 rounds up from 28 last week,Kettlebell Snatch,,,32,normal,8,7,,,,#REF!,07/03/2026,2026,3,10,56,
Viking Warrior Conditioning,"7 Mar 2026, 16:58","7 Mar 2026, 17:23",40 rounds up from 28 last week,Kettlebell Snatch,,,33,normal,8,7,,,,#REF!,07/03/2026,2026,3,10,56,
Viking Warrior Conditioning,"7 Mar 2026, 16:58","7 Mar 2026, 17:23",40 rounds up from 28 last week,Kettlebell Snatch,,,34,normal,8,7,,,,#REF!,07/03/2026,2026,3,10,56,
Viking Warrior Conditioning,"7 Mar 2026, 16:58","7 Mar 2026, 17:23",40 rounds up from 28 last week,Kettlebell Snatch,,,35,normal,8,7,,,,#REF!,07/03/2026,2026,3,10,56,
Viking Warrior Conditioning,"7 Mar 2026, 16:58","7 Mar 2026, 17:23",40 rounds up from 28 last week,Kettlebell Snatch,,,36,normal,8,7,,,,#REF!,07/03/2026,2026,3,10,56,
Viking Warrior Conditioning,"7 Mar 2026, 16:58","7 Mar 2026, 17:23",40 rounds up from 28 last week,Kettlebell Snatch,,,37,normal,8,7,,,,#REF!,07/03/2026,2026,3,10,56,
Viking Warrior Conditioning,"7 Mar 2026, 16:58","7 Mar 2026, 17:23",40 rounds up from 28 last week,Kettlebell Snatch,,,38,normal,8,7,,,,#REF!,07/03/2026,2026,3,10,56,
Viking Warrior Conditioning,"7 Mar 2026, 16:58","7 Mar 2026, 17:23",40 rounds up from 28 last week,Kettlebell Snatch,,,39,normal,8,7,,,,#REF!,07/03/2026,2026,3,10,56,
Comp sets and one arm pb,"9 Mar 2026, 19:03","9 Mar 2026, 20:05",,Mace 10-2,,6 min fast pace with 40bpm metronome,0,normal,8,240,,,,#REF!,09/03/2026,2026,3,11,1920,
Comp sets and one arm pb,"9 Mar 2026, 19:03","9 Mar 2026, 20:05",,Mace 10-2,,6 min fast pace with 40bpm metronome,1,normal,8,240,,,,#REF!,09/03/2026,2026,3,11,1920,
Comp sets and one arm pb,"9 Mar 2026, 19:03","9 Mar 2026, 20:05",,Mace 10-2,,6 min fast pace with 40bpm metronome,2,normal,8,236,,,,#REF!,09/03/2026,2026,3,11,1888,
Comp sets and one arm pb,"9 Mar 2026, 19:03","9 Mar 2026, 20:05",,Mace 10-2 1H,,,0,normal,10,68,,,,#REF!,09/03/2026,2026,3,11,680,
The Will,"10 Mar 2026, 13:32","10 Mar 2026, 14:06",,KB Long Cycle,,,0,normal,8,5,,,,#REF!,10/03/2026,2026,3,11,40,
The Will,"10 Mar 2026, 13:32","10 Mar 2026, 14:06",,KB Long Cycle,,,1,normal,8,5,,,,#REF!,10/03/2026,2026,3,11,40,
The Will,"10 Mar 2026, 13:32","10 Mar 2026, 14:06",,KB Long Cycle,,,2,normal,8,5,,,,#REF!,10/03/2026,2026,3,11,40,
The Will,"10 Mar 2026, 13:32","10 Mar 2026, 14:06",,KB Long Cycle,,,3,normal,8,5,,,,#REF!,10/03/2026,2026,3,11,40,
The Will,"10 Mar 2026, 13:32","10 Mar 2026, 14:06",,KB Long Cycle,,,4,normal,8,5,,,,#REF!,10/03/2026,2026,3,11,40,
The Will,"10 Mar 2026, 13:32","10 Mar 2026, 14:06",,KB Long Cycle,,,5,normal,8,5,,,,#REF!,10/03/2026,2026,3,11,40,
The Will,"10 Mar 2026, 13:32","10 Mar 2026, 14:06",,KB Long Cycle,,,6,normal,8,5,,,,#REF!,10/03/2026,2026,3,11,40,
The Will,"10 Mar 2026, 13:32","10 Mar 2026, 14:06",,KB Long Cycle,,,7,normal,8,5,,,,#REF!,10/03/2026,2026,3,11,40,
The Will,"10 Mar 2026, 13:32","10 Mar 2026, 14:06",,Mace 10-2 1H,,15 mins,0,normal,6,550,,,,#REF!,10/03/2026,2026,3,11,3300,
Record breaking,"12 Mar 2026, 13:20","12 Mar 2026, 13:50",10kg single arm x100 continuous\n12kg single arm x15 first ever attempt\n16.1kg dble x15 first attempt,KB Long Cycle,,,0,normal,12,5,,,,#REF!,12/03/2026,2026,3,11,60,
Record breaking,"12 Mar 2026, 13:20","12 Mar 2026, 13:50",10kg single arm x100 continuous\n12kg single arm x15 first ever attempt\n16.1kg dble x15 first attempt,KB Long Cycle,,,1,normal,12,5,,,,#REF!,12/03/2026,2026,3,11,60,
Record breaking,"12 Mar 2026, 13:20","12 Mar 2026, 13:50",10kg single arm x100 continuous\n12kg single arm x15 first ever attempt\n16.1kg dble x15 first attempt,KB Long Cycle,,,2,normal,12,5,,,,#REF!,12/03/2026,2026,3,11,60,
Record breaking,"12 Mar 2026, 13:20","12 Mar 2026, 13:50",10kg single arm x100 continuous\n12kg single arm x15 first ever attempt\n16.1kg dble x15 first attempt,Mace 10-2,,,0,normal,14,15,,,,#REF!,12/03/2026,2026,3,11,210,
Record breaking,"12 Mar 2026, 13:20","12 Mar 2026, 13:50",10kg single arm x100 continuous\n12kg single arm x15 first ever attempt\n16.1kg dble x15 first attempt,Mace 10-2,,,1,normal,15.4,15,,,,#REF!,12/03/2026,2026,3,11,231,
Record breaking,"12 Mar 2026, 13:20","12 Mar 2026, 13:50",10kg single arm x100 continuous\n12kg single arm x15 first ever attempt\n16.1kg dble x15 first attempt,Mace 10-2,,,2,normal,16.1,15,,,,#REF!,12/03/2026,2026,3,11,241.5,
Record breaking,"12 Mar 2026, 13:20","12 Mar 2026, 13:50",10kg single arm x100 continuous\n12kg single arm x15 first ever attempt\n16.1kg dble x15 first attempt,Mace 10-2 1H,,,0,normal,10,100,,,,#REF!,12/03/2026,2026,3,11,1000,
Record breaking,"12 Mar 2026, 13:20","12 Mar 2026, 13:50",10kg single arm x100 continuous\n12kg single arm x15 first ever attempt\n16.1kg dble x15 first attempt,Mace 10-2 1H,,,1,normal,12,15,,,,#REF!,12/03/2026,2026,3,11,180,
Sand and mace,"15 Mar 2026, 13:12","15 Mar 2026, 13:31",,Mace 10-2 1H,,,0,normal,10,20,,,,#REF!,15/03/2026,2026,3,12,200,
Sand and mace,"15 Mar 2026, 13:12","15 Mar 2026, 13:31",,Mace 10-2 1H,,,1,normal,10,20,,,,#REF!,15/03/2026,2026,3,12,200,
Sand and mace,"15 Mar 2026, 13:12","15 Mar 2026, 13:31",,Mace 10-2 1H,,,2,normal,10,20,,,,#REF!,15/03/2026,2026,3,12,200,
Sand and mace,"15 Mar 2026, 13:12","15 Mar 2026, 13:31",,Mace 10-2 1H,,,3,normal,10,20,,,,#REF!,15/03/2026,2026,3,12,200,
Sand and mace,"15 Mar 2026, 13:12","15 Mar 2026, 13:31",,Mace 10-2 1H,,,4,normal,10,30,,,,#REF!,15/03/2026,2026,3,12,300,
The Push,"16 Mar 2026, 13:57","16 Mar 2026, 14:38",,KB Long Cycle,,,0,normal,12,6,,,,#REF!,16/03/2026,2026,3,12,72,
The Push,"16 Mar 2026, 13:57","16 Mar 2026, 14:38",,KB Long Cycle,,,1,normal,12,6,,,,#REF!,16/03/2026,2026,3,12,72,
The Push,"16 Mar 2026, 13:57","16 Mar 2026, 14:38",,KB Long Cycle,,,2,normal,12,6,,,,#REF!,16/03/2026,2026,3,12,72,
The Push,"16 Mar 2026, 13:57","16 Mar 2026, 14:38",,KB Long Cycle,,,3,normal,12,6,,,,#REF!,16/03/2026,2026,3,12,72,
The Push,"16 Mar 2026, 13:57","16 Mar 2026, 14:38",,KB Long Cycle,,,4,normal,12,6,,,,#REF!,16/03/2026,2026,3,12,72,
The Push,"16 Mar 2026, 13:57","16 Mar 2026, 14:38",,Mace 10-2 1H,,,0,normal,10,50,,,,#REF!,16/03/2026,2026,3,12,500,
The Push,"16 Mar 2026, 13:57","16 Mar 2026, 14:38",,Mace 10-2 1H,,,1,normal,10,40,,,,#REF!,16/03/2026,2026,3,12,400,
The Push,"16 Mar 2026, 13:57","16 Mar 2026, 14:38",,Mace 10-2 1H,,,2,normal,10,50,,,,#REF!,16/03/2026,2026,3,12,500,
Jump sand mace,"17 Mar 2026, 17:54","17 Mar 2026, 19:28",,Mace 10-2,,7 minute sets at 40bpm,0,normal,8,280,,,,#REF!,17/03/2026,2026,3,12,2240,
Jump sand mace,"17 Mar 2026, 17:54","17 Mar 2026, 19:28",,Mace 10-2,,7 minute sets at 40bpm,1,normal,8,280,,,,#REF!,17/03/2026,2026,3,12,2240,
Jump sand mace,"17 Mar 2026, 17:54","17 Mar 2026, 19:28",,Mace 10-2,,7 minute sets at 40bpm,2,normal,8,280,,,,#REF!,17/03/2026,2026,3,12,2240,
Part 1,"19 Mar 2026, 14:14","19 Mar 2026, 14:36",,KB Long Cycle,,,0,normal,8,8,,,,#REF!,19/03/2026,2026,3,12,64,
Part 1,"19 Mar 2026, 14:14","19 Mar 2026, 14:36",,KB Long Cycle,,,1,normal,8,8,,,,#REF!,19/03/2026,2026,3,12,64,
Part 1,"19 Mar 2026, 14:14","19 Mar 2026, 14:36",,KB Long Cycle,,,2,normal,8,8,,,,#REF!,19/03/2026,2026,3,12,64,
Part 1,"19 Mar 2026, 14:14","19 Mar 2026, 14:36",,KB Long Cycle,,,3,normal,8,8,,,,#REF!,19/03/2026,2026,3,12,64,
Part 1,"19 Mar 2026, 14:14","19 Mar 2026, 14:36",,KB Long Cycle,,,4,normal,8,8,,,,#REF!,19/03/2026,2026,3,12,64,
Part 1,"19 Mar 2026, 14:14","19 Mar 2026, 14:36",,KB Long Cycle,,,5,normal,8,8,,,,#REF!,19/03/2026,2026,3,12,64,
Part 1,"19 Mar 2026, 14:14","19 Mar 2026, 14:36",,KB Long Cycle,,,6,normal,8,8,,,,#REF!,19/03/2026,2026,3,12,64,
Part 1,"19 Mar 2026, 14:14","19 Mar 2026, 14:36",,KB Long Cycle,,,7,normal,8,8,,,,#REF!,19/03/2026,2026,3,12,64,
Viking Warrior Conditioning,"21 Mar 2026, 10:36","21 Mar 2026, 11:38",,Kettlebell Snatch,,,0,normal,8,7,,,,#REF!,21/03/2026,2026,3,12,56,
Viking Warrior Conditioning,"21 Mar 2026, 10:36","21 Mar 2026, 11:38",,Kettlebell Snatch,,,1,normal,8,7,,,,#REF!,21/03/2026,2026,3,12,56,
Viking Warrior Conditioning,"21 Mar 2026, 10:36","21 Mar 2026, 11:38",,Kettlebell Snatch,,,2,normal,8,7,,,,#REF!,21/03/2026,2026,3,12,56,
Viking Warrior Conditioning,"21 Mar 2026, 10:36","21 Mar 2026, 11:38",,Kettlebell Snatch,,,3,normal,8,7,,,,#REF!,21/03/2026,2026,3,12,56,
Viking Warrior Conditioning,"21 Mar 2026, 10:36","21 Mar 2026, 11:38",,Kettlebell Snatch,,,4,normal,8,7,,,,#REF!,21/03/2026,2026,3,12,56,
Viking Warrior Conditioning,"21 Mar 2026, 10:36","21 Mar 2026, 11:38",,Kettlebell Snatch,,,5,normal,8,7,,,,#REF!,21/03/2026,2026,3,12,56,
Viking Warrior Conditioning,"21 Mar 2026, 10:36","21 Mar 2026, 11:38",,Kettlebell Snatch,,,6,normal,8,7,,,,#REF!,21/03/2026,2026,3,12,56,
Viking Warrior Conditioning,"21 Mar 2026, 10:36","21 Mar 2026, 11:38",,Kettlebell Snatch,,,7,normal,8,7,,,,#REF!,21/03/2026,2026,3,12,56,
Viking Warrior Conditioning,"21 Mar 2026, 10:36","21 Mar 2026, 11:38",,Kettlebell Snatch,,,8,normal,8,7,,,,#REF!,21/03/2026,2026,3,12,56,
Viking Warrior Conditioning,"21 Mar 2026, 10:36","21 Mar 2026, 11:38",,Kettlebell Snatch,,,9,normal,8,7,,,,#REF!,21/03/2026,2026,3,12,56,
Viking Warrior Conditioning,"21 Mar 2026, 10:36","21 Mar 2026, 11:38",,Kettlebell Snatch,,,10,normal,8,7,,,,#REF!,21/03/2026,2026,3,12,56,
Viking Warrior Conditioning,"21 Mar 2026, 10:36","21 Mar 2026, 11:38",,Kettlebell Snatch,,,11,normal,8,7,,,,#REF!,21/03/2026,2026,3,12,56,
Viking Warrior Conditioning,"21 Mar 2026, 10:36","21 Mar 2026, 11:38",,Kettlebell Snatch,,,12,normal,8,7,,,,#REF!,21/03/2026,2026,3,12,56,
Viking Warrior Conditioning,"21 Mar 2026, 10:36","21 Mar 2026, 11:38",,Kettlebell Snatch,,,13,normal,8,7,,,,#REF!,21/03/2026,2026,3,12,56,
Viking Warrior Conditioning,"21 Mar 2026, 10:36","21 Mar 2026, 11:38",,Kettlebell Snatch,,,14,normal,8,7,,,,#REF!,21/03/2026,2026,3,12,56,
Viking Warrior Conditioning,"21 Mar 2026, 10:36","21 Mar 2026, 11:38",,Kettlebell Snatch,,,15,normal,8,7,,,,#REF!,21/03/2026,2026,3,12,56,
Viking Warrior Conditioning,"21 Mar 2026, 10:36","21 Mar 2026, 11:38",,Kettlebell Snatch,,,16,normal,8,7,,,,#REF!,21/03/2026,2026,3,12,56,
Viking Warrior Conditioning,"21 Mar 2026, 10:36","21 Mar 2026, 11:38",,Kettlebell Snatch,,,17,normal,8,7,,,,#REF!,21/03/2026,2026,3,12,56,
Viking Warrior Conditioning,"21 Mar 2026, 10:36","21 Mar 2026, 11:38",,Kettlebell Snatch,,,18,normal,8,7,,,,#REF!,21/03/2026,2026,3,12,56,
Viking Warrior Conditioning,"21 Mar 2026, 10:36","21 Mar 2026, 11:38",,Kettlebell Snatch,,,19,normal,8,7,,,,#REF!,21/03/2026,2026,3,12,56,
Viking Warrior Conditioning,"21 Mar 2026, 10:36","21 Mar 2026, 11:38",,Kettlebell Snatch,,,20,normal,8,7,,,,#REF!,21/03/2026,2026,3,12,56,
Viking Warrior Conditioning,"21 Mar 2026, 10:36","21 Mar 2026, 11:38",,Kettlebell Snatch,,,21,normal,8,7,,,,#REF!,21/03/2026,2026,3,12,56,
Viking Warrior Conditioning,"21 Mar 2026, 10:36","21 Mar 2026, 11:38",,Kettlebell Snatch,,,22,normal,8,7,,,,#REF!,21/03/2026,2026,3,12,56,
Viking Warrior Conditioning,"21 Mar 2026, 10:36","21 Mar 2026, 11:38",,Kettlebell Snatch,,,23,normal,8,7,,,,#REF!,21/03/2026,2026,3,12,56,
Viking Warrior Conditioning,"21 Mar 2026, 10:36","21 Mar 2026, 11:38",,Kettlebell Snatch,,,24,normal,8,7,,,,#REF!,21/03/2026,2026,3,12,56,
Viking Warrior Conditioning,"21 Mar 2026, 10:36","21 Mar 2026, 11:38",,Kettlebell Snatch,,,25,normal,8,7,,,,#REF!,21/03/2026,2026,3,12,56,
Viking Warrior Conditioning,"21 Mar 2026, 10:36","21 Mar 2026, 11:38",,Kettlebell Snatch,,,26,normal,8,7,,,,#REF!,21/03/2026,2026,3,12,56,
Viking Warrior Conditioning,"21 Mar 2026, 10:36","21 Mar 2026, 11:38",,Kettlebell Snatch,,,27,normal,8,7,,,,#REF!,21/03/2026,2026,3,12,56,
Viking Warrior Conditioning,"21 Mar 2026, 10:36","21 Mar 2026, 11:38",,Kettlebell Snatch,,,28,normal,8,7,,,,#REF!,21/03/2026,2026,3,12,56,
Viking Warrior Conditioning,"21 Mar 2026, 10:36","21 Mar 2026, 11:38",,Kettlebell Snatch,,,29,normal,8,7,,,,#REF!,21/03/2026,2026,3,12,56,
Viking Warrior Conditioning,"21 Mar 2026, 10:36","21 Mar 2026, 11:38",,Kettlebell Snatch,,,30,normal,8,7,,,,#REF!,21/03/2026,2026,3,12,56,
Viking Warrior Conditioning,"21 Mar 2026, 10:36","21 Mar 2026, 11:38",,Kettlebell Snatch,,,31,normal,8,7,,,,#REF!,21/03/2026,2026,3,12,56,
Viking Warrior Conditioning,"21 Mar 2026, 10:36","21 Mar 2026, 11:38",,Kettlebell Snatch,,,32,normal,8,7,,,,#REF!,21/03/2026,2026,3,12,56,
Viking Warrior Conditioning,"21 Mar 2026, 10:36","21 Mar 2026, 11:38",,Kettlebell Snatch,,,33,normal,8,7,,,,#REF!,21/03/2026,2026,3,12,56,
Viking Warrior Conditioning,"21 Mar 2026, 10:36","21 Mar 2026, 11:38",,Kettlebell Snatch,,,34,normal,8,7,,,,#REF!,21/03/2026,2026,3,12,56,
Viking Warrior Conditioning,"21 Mar 2026, 10:36","21 Mar 2026, 11:38",,Kettlebell Snatch,,,35,normal,8,7,,,,#REF!,21/03/2026,2026,3,12,56,
Viking Warrior Conditioning,"21 Mar 2026, 10:36","21 Mar 2026, 11:38",,Kettlebell Snatch,,,36,normal,8,7,,,,#REF!,21/03/2026,2026,3,12,56,
Viking Warrior Conditioning,"21 Mar 2026, 10:36","21 Mar 2026, 11:38",,Kettlebell Snatch,,,37,normal,8,7,,,,#REF!,21/03/2026,2026,3,12,56,
Viking Warrior Conditioning,"21 Mar 2026, 10:36","21 Mar 2026, 11:38",,Kettlebell Snatch,,,38,normal,8,7,,,,#REF!,21/03/2026,2026,3,12,56,
Viking Warrior Conditioning,"21 Mar 2026, 10:36","21 Mar 2026, 11:38",,Kettlebell Snatch,,,39,normal,8,7,,,,#REF!,21/03/2026,2026,3,12,56,
Viking Warrior Conditioning,"21 Mar 2026, 10:36","21 Mar 2026, 11:38",,Kettlebell Snatch,,,40,normal,8,7,,,,#REF!,21/03/2026,2026,3,12,56,
Viking Warrior Conditioning,"21 Mar 2026, 10:36","21 Mar 2026, 11:38",,Kettlebell Snatch,,,41,normal,8,7,,,,#REF!,21/03/2026,2026,3,12,56,
Viking Warrior Conditioning,"21 Mar 2026, 10:36","21 Mar 2026, 11:38",,Kettlebell Snatch,,,42,normal,8,7,,,,#REF!,21/03/2026,2026,3,12,56,
Viking Warrior Conditioning,"21 Mar 2026, 10:36","21 Mar 2026, 11:38",,Kettlebell Snatch,,,43,normal,8,7,,,,#REF!,21/03/2026,2026,3,12,56,
Viking Warrior Conditioning,"21 Mar 2026, 10:36","21 Mar 2026, 11:38",,Kettlebell Snatch,,,44,normal,8,7,,,,#REF!,21/03/2026,2026,3,12,56,
Viking Warrior Conditioning,"21 Mar 2026, 10:36","21 Mar 2026, 11:38",,Kettlebell Snatch,,,45,normal,8,7,,,,#REF!,21/03/2026,2026,3,12,56,
Viking Warrior Conditioning,"21 Mar 2026, 10:36","21 Mar 2026, 11:38",,Kettlebell Snatch,,,46,normal,8,7,,,,#REF!,21/03/2026,2026,3,12,56,
Viking Warrior Conditioning,"21 Mar 2026, 10:36","21 Mar 2026, 11:38",,Kettlebell Snatch,,,47,normal,8,7,,,,#REF!,21/03/2026,2026,3,12,56,
Viking Warrior Conditioning,"21 Mar 2026, 10:36","21 Mar 2026, 11:38",,Kettlebell Snatch,,,48,normal,8,7,,,,#REF!,21/03/2026,2026,3,12,56,
Viking Warrior Conditioning,"21 Mar 2026, 10:36","21 Mar 2026, 11:38",,Kettlebell Snatch,,,49,normal,8,7,,,,#REF!,21/03/2026,2026,3,12,56,
Viking Warrior Conditioning,"21 Mar 2026, 10:36","21 Mar 2026, 11:38",,Mace 10-2 1H,,,0,normal,6,300,,,,#REF!,21/03/2026,2026,3,12,1800,
Heavy mace and sword,"23 Mar 2026, 13:44","23 Mar 2026, 14:42",3 x 5 min sets,Mace 10-2 1H,,5 min sets,0,normal,8,184,,,,#REF!,23/03/2026,2026,3,13,1472,
Heavy mace and sword,"23 Mar 2026, 13:44","23 Mar 2026, 14:42",3 x 5 min sets,Mace 10-2 1H,,5 min sets,1,normal,10,181,,,,#REF!,23/03/2026,2026,3,13,1810,
Heavy mace and sword,"23 Mar 2026, 13:44","23 Mar 2026, 14:42",3 x 5 min sets,Mace 10-2 1H,,5 min sets,2,normal,10,175,,,,#REF!,23/03/2026,2026,3,13,1750,
Low key,"24 Mar 2026, 10:55","24 Mar 2026, 11:41",,KB Long Cycle Single Arm,,,0,normal,8,30,,,,#REF!,24/03/2026,2026,3,13,240,
Low key,"24 Mar 2026, 10:55","24 Mar 2026, 11:41",,Mace 10-2 1H,,,0,normal,6,400,,,,#REF!,24/03/2026,2026,3,13,2400,
Low key,"24 Mar 2026, 10:55","24 Mar 2026, 11:41",,Mace 10-2 1H,,,1,normal,6,400,,,,#REF!,24/03/2026,2026,3,13,2400,
The push,"27 Mar 2026, 17:04","27 Mar 2026, 18:05",,Mace 10-2 1H,,,0,normal,10,24,,,,#REF!,27/03/2026,2026,3,13,240,
The push,"27 Mar 2026, 17:04","27 Mar 2026, 18:05",,Mace 10-2 1H,,,1,normal,10,24,,,,#REF!,27/03/2026,2026,3,13,240,
The push,"27 Mar 2026, 17:04","27 Mar 2026, 18:05",,Mace 10-2 1H,,,2,normal,10,24,,,,#REF!,27/03/2026,2026,3,13,240,
The push,"27 Mar 2026, 17:04","27 Mar 2026, 18:05",,Mace 10-2 1H,,,3,normal,10,24,,,,#REF!,27/03/2026,2026,3,13,240,
The push,"27 Mar 2026, 17:04","27 Mar 2026, 18:05",,Mace 10-2 1H,,,4,normal,8,40,,,,#REF!,27/03/2026,2026,3,13,320,
The push,"27 Mar 2026, 17:04","27 Mar 2026, 18:05",,Mace 10-2 1H,,,5,normal,8,40,,,,#REF!,27/03/2026,2026,3,13,320,
The push,"27 Mar 2026, 17:04","27 Mar 2026, 18:05",,Mace 10-2 1H,,,6,normal,8,40,,,,#REF!,27/03/2026,2026,3,13,320,
The push,"27 Mar 2026, 17:04","27 Mar 2026, 18:05",,Mace 10-2 1H,,,7,normal,8,40,,,,#REF!,27/03/2026,2026,3,13,320,
Club spinning,"31 Mar 2026, 18:38","31 Mar 2026, 19:09",,Mace 360 1H,,,0,normal,4,35,,,,#REF!,31/03/2026,2026,3,14,140,
Club spinning,"31 Mar 2026, 18:38","31 Mar 2026, 19:09",,Mace 360 1H,,,1,normal,4,31,,,,#REF!,31/03/2026,2026,3,14,124,
Club spinning,"31 Mar 2026, 18:38","31 Mar 2026, 19:09",,Mace 360 1H,,,2,normal,6,32,,,,#REF!,31/03/2026,2026,3,14,192,
Club spinning,"31 Mar 2026, 18:38","31 Mar 2026, 19:09",,Mace 360 1H,,,3,normal,6,28,,,,#REF!,31/03/2026,2026,3,14,168,
Club spinning,"31 Mar 2026, 18:38","31 Mar 2026, 19:09",,Mace 360 1H,,,4,normal,6,31,,,,#REF!,31/03/2026,2026,3,14,186,
Club spinning,"31 Mar 2026, 18:38","31 Mar 2026, 19:09",,Mace 360 1H,,,5,normal,6,27,,,,#REF!,31/03/2026,2026,3,14,162,
Club spinning,"31 Mar 2026, 18:38","31 Mar 2026, 19:09",,Mace 360 1H,,,6,normal,6,32,,,,#REF!,31/03/2026,2026,3,14,192,
Club spinning,"31 Mar 2026, 18:38","31 Mar 2026, 19:09",,Mace 360 1H,,,7,normal,6,30,,,,#REF!,31/03/2026,2026,3,14,180,
Club spinning,"31 Mar 2026, 18:38","31 Mar 2026, 19:09",,Mace 360 1H,,,8,normal,6,33,,,,#REF!,31/03/2026,2026,3,14,198,
Club spinning,"31 Mar 2026, 18:38","31 Mar 2026, 19:09",,Mace 360 1H,,,9,normal,6,30,,,,#REF!,31/03/2026,2026,3,14,180,
The push,"2 Apr 2026, 13:25","2 Apr 2026, 14:21",,KB Long Cycle Single Arm,,,0,normal,8,4,,,,#REF!,02/04/2026,2026,4,14,32,
The push,"2 Apr 2026, 13:25","2 Apr 2026, 14:21",,KB Long Cycle Single Arm,,,1,normal,12,4,,,,#REF!,02/04/2026,2026,4,14,48,
The push,"2 Apr 2026, 13:25","2 Apr 2026, 14:21",,KB Long Cycle Single Arm,,,2,normal,12,4,,,,#REF!,02/04/2026,2026,4,14,48,
The push,"2 Apr 2026, 13:25","2 Apr 2026, 14:21",,KB Long Cycle Single Arm,,,3,normal,12,4,,,,#REF!,02/04/2026,2026,4,14,48,
The push,"2 Apr 2026, 13:25","2 Apr 2026, 14:21",,KB Long Cycle Single Arm,,,4,normal,12,4,,,,#REF!,02/04/2026,2026,4,14,48,
The push,"2 Apr 2026, 13:25","2 Apr 2026, 14:21",,Mace 10-2 1H,,,0,normal,10,20,,,,#REF!,02/04/2026,2026,4,14,200,
The push,"2 Apr 2026, 13:25","2 Apr 2026, 14:21",,Mace 10-2 1H,,,1,normal,10,24,,,,#REF!,02/04/2026,2026,4,14,240,
The push,"2 Apr 2026, 13:25","2 Apr 2026, 14:21",,Mace 10-2 1H,,,2,normal,10,24,,,,#REF!,02/04/2026,2026,4,14,240,
The push,"2 Apr 2026, 13:25","2 Apr 2026, 14:21",,Mace 10-2 1H,,,3,normal,10,24,,,,#REF!,02/04/2026,2026,4,14,240,
The push,"2 Apr 2026, 13:25","2 Apr 2026, 14:21",,Mace 10-2 1H,,,4,normal,8,40,,,,#REF!,02/04/2026,2026,4,14,320,
The push,"2 Apr 2026, 13:25","2 Apr 2026, 14:21",,Mace 10-2 1H,,,5,normal,8,40,,,,#REF!,02/04/2026,2026,4,14,320,
The push,"2 Apr 2026, 13:25","2 Apr 2026, 14:21",,Mace 10-2 1H,,,6,normal,8,40,,,,#REF!,02/04/2026,2026,4,14,320,
The push,"2 Apr 2026, 13:25","2 Apr 2026, 14:21",,Mace 10-2 1H,,,7,normal,8,40,,,,#REF!,02/04/2026,2026,4,14,320,
Itâs getting hot in here,"7 Apr 2026, 13:15","7 Apr 2026, 14:02",,Mace 10-2,,,0,normal,8,280,,,,#REF!,07/04/2026,2026,4,15,2240,
Itâs getting hot in here,"7 Apr 2026, 13:15","7 Apr 2026, 14:02",,Mace 10-2,,,1,normal,8,280,,,,#REF!,07/04/2026,2026,4,15,2240,
Almostâ¦..,"8 Apr 2026, 19:54","8 Apr 2026, 20:35",,Mace 10-2 1H,,,0,normal,6,200,,,,#REF!,08/04/2026,2026,4,15,1200,
Almostâ¦..,"8 Apr 2026, 19:54","8 Apr 2026, 20:35",,Mace 10-2 1H,,,1,normal,6,200,,,,#REF!,08/04/2026,2026,4,15,1200,
Almostâ¦..,"8 Apr 2026, 19:54","8 Apr 2026, 20:35",,Mace 10-2,,,0,normal,18.3,1,,,,#REF!,08/04/2026,2026,4,15,18.3,
The push,"9 Apr 2026, 13:29","9 Apr 2026, 14:27",,KB Long Cycle Single Arm,,,0,normal,12,4,,,,#REF!,09/04/2026,2026,4,15,48,
The push,"9 Apr 2026, 13:29","9 Apr 2026, 14:27",,KB Long Cycle Single Arm,,,1,normal,12,4,,,,#REF!,09/04/2026,2026,4,15,48,
The push,"9 Apr 2026, 13:29","9 Apr 2026, 14:27",,KB Long Cycle Single Arm,,,2,normal,12,4,,,,#REF!,09/04/2026,2026,4,15,48,
The push,"9 Apr 2026, 13:29","9 Apr 2026, 14:27",,KB Long Cycle Single Arm,,,3,normal,12,4,,,,#REF!,09/04/2026,2026,4,15,48,
The push,"9 Apr 2026, 13:29","9 Apr 2026, 14:27",,KB Long Cycle Single Arm,,,4,normal,12,4,,,,#REF!,09/04/2026,2026,4,15,48,
The push,"9 Apr 2026, 13:29","9 Apr 2026, 14:27",,Mace 10-2 1H,,,0,normal,12,12,,,,#REF!,09/04/2026,2026,4,15,144,
The push,"9 Apr 2026, 13:29","9 Apr 2026, 14:27",,Mace 10-2 1H,,,1,normal,12,47,,,,#REF!,09/04/2026,2026,4,15,564,
The push,"9 Apr 2026, 13:29","9 Apr 2026, 14:27",,Mace 10-2 1H,,,2,normal,8,60,,,,#REF!,09/04/2026,2026,4,15,480,
The push,"9 Apr 2026, 13:29","9 Apr 2026, 14:27",,Mace 10-2 1H,,,3,normal,8,60,,,,#REF!,09/04/2026,2026,4,15,480,
The push,"9 Apr 2026, 13:29","9 Apr 2026, 14:27",,Mace 10-2 1H,,,4,normal,10,40,,,,#REF!,09/04/2026,2026,4,15,400,
The push,"9 Apr 2026, 13:29","9 Apr 2026, 14:27",,Mace 10-2 1H,,,5,normal,10,40,,,,#REF!,09/04/2026,2026,4,15,400,
Glorious day in the sun,"12 Apr 2026, 14:32","12 Apr 2026, 15:42",,Mace 10-2 1H,,,0,normal,8,60,,,,#REF!,12/04/2026,2026,4,16,480,
Glorious day in the sun,"12 Apr 2026, 14:32","12 Apr 2026, 15:42",,Mace 10-2 1H,,,1,normal,8,60,,,,#REF!,12/04/2026,2026,4,16,480,
Glorious day in the sun,"12 Apr 2026, 14:32","12 Apr 2026, 15:42",,Mace 10-2 1H,,,2,normal,8,60,,,,#REF!,12/04/2026,2026,4,16,480,
Ascent,"13 Apr 2026, 13:18","13 Apr 2026, 14:12",Nearly killed me,Mace 10-2,,3 min rounds,0,normal,10,119,,,,#REF!,13/04/2026,2026,4,16,1190,
Ascent,"13 Apr 2026, 13:18","13 Apr 2026, 14:12",Nearly killed me,Mace 10-2,,3 min rounds,1,normal,10,120,,,,#REF!,13/04/2026,2026,4,16,1200,
Ascent,"13 Apr 2026, 13:18","13 Apr 2026, 14:12",Nearly killed me,Mace 10-2,,3 min rounds,2,normal,10,121,,,,#REF!,13/04/2026,2026,4,16,1210,
Ascent,"13 Apr 2026, 13:18","13 Apr 2026, 14:12",Nearly killed me,Mace 10-2,,3 min rounds,3,normal,10,119,,,,#REF!,13/04/2026,2026,4,16,1190,
Ascent,"13 Apr 2026, 13:18","13 Apr 2026, 14:12",Nearly killed me,Mace 10-2,,3 min rounds,4,normal,10,116,,,,#REF!,13/04/2026,2026,4,16,1160,
Some pressing,"16 Apr 2026, 18:05","16 Apr 2026, 18:23",,Mace 10-2 1H,,,0,normal,6,100,,,,#REF!,16/04/2026,2026,4,16,600,
Some pressing,"16 Apr 2026, 18:05","16 Apr 2026, 18:23",,Mace 10-2 1H,,,1,normal,6,100,,,,#REF!,16/04/2026,2026,4,16,600,
Some pressing,"16 Apr 2026, 18:05","16 Apr 2026, 18:23",,Mace 10-2 1H,,,2,normal,6,100,,,,#REF!,16/04/2026,2026,4,16,600,
Some pressing,"16 Apr 2026, 18:05","16 Apr 2026, 18:23",,Mace 10-2 1H,,,3,normal,6,100,,,,#REF!,16/04/2026,2026,4,16,600,
Volume accumulation,"17 Apr 2026, 08:50","17 Apr 2026, 09:05",,Mace 10-2,,,0,normal,8,50,,,,#REF!,17/04/2026,2026,4,16,400,
Volume accumulation,"17 Apr 2026, 08:50","17 Apr 2026, 09:05",,Mace 10-2,,,1,normal,10,50,,,,#REF!,17/04/2026,2026,4,16,500,
Volume accumulation,"17 Apr 2026, 08:50","17 Apr 2026, 09:05",,Mace 10-2,,,2,normal,12,100,,,,#REF!,17/04/2026,2026,4,16,1200,
Volume accumulation,"17 Apr 2026, 08:50","17 Apr 2026, 09:05",,Mace 10-2 1H,,,0,normal,8,50,,,,#REF!,17/04/2026,2026,4,16,400,
Volume accumulation,"17 Apr 2026, 08:50","17 Apr 2026, 09:05",,Mace 10-2 1H,,,1,normal,10,50,,,,#REF!,17/04/2026,2026,4,16,500,
Dabbling with heavy,"17 Apr 2026, 18:57","17 Apr 2026, 19:29",Tried a pair of 16âs for the long cycle - no chance,KB Long Cycle,,,0,normal,12,6,,,,#REF!,17/04/2026,2026,4,16,72,
Dabbling with heavy,"17 Apr 2026, 18:57","17 Apr 2026, 19:29",Tried a pair of 16âs for the long cycle - no chance,KB Long Cycle,,,1,normal,12,6,,,,#REF!,17/04/2026,2026,4,16,72,
Dabbling with heavy,"17 Apr 2026, 18:57","17 Apr 2026, 19:29",Tried a pair of 16âs for the long cycle - no chance,KB Long Cycle,,,2,normal,12,6,,,,#REF!,17/04/2026,2026,4,16,72,
Dabbling with heavy,"17 Apr 2026, 18:57","17 Apr 2026, 19:29",Tried a pair of 16âs for the long cycle - no chance,KB Long Cycle,,,3,normal,12,6,,,,#REF!,17/04/2026,2026,4,16,72,
Dabbling with heavy,"17 Apr 2026, 18:57","17 Apr 2026, 19:29",Tried a pair of 16âs for the long cycle - no chance,KB Long Cycle,,,4,normal,12,6,,,,#REF!,17/04/2026,2026,4,16,72,
Dabbling with heavy,"17 Apr 2026, 18:57","17 Apr 2026, 19:29",Tried a pair of 16âs for the long cycle - no chance,Mace 10-2,,,0,normal,12,10,,,,#REF!,17/04/2026,2026,4,16,120,
Dabbling with heavy,"17 Apr 2026, 18:57","17 Apr 2026, 19:29",Tried a pair of 16âs for the long cycle - no chance,Mace 10-2,,,1,normal,12,10,,,,#REF!,17/04/2026,2026,4,16,120,
Dabbling with heavy,"17 Apr 2026, 18:57","17 Apr 2026, 19:29",Tried a pair of 16âs for the long cycle - no chance,Mace 10-2,,,2,normal,15,20,,,,#REF!,17/04/2026,2026,4,16,300,
Dabbling with heavy,"17 Apr 2026, 18:57","17 Apr 2026, 19:29",Tried a pair of 16âs for the long cycle - no chance,Mace 10-2,,,3,normal,16,9,,,,#REF!,17/04/2026,2026,4,16,144,
Dabbling with heavy,"17 Apr 2026, 18:57","17 Apr 2026, 19:29",Tried a pair of 16âs for the long cycle - no chance,Mace 10-2,,,4,normal,16,24,,,,#REF!,17/04/2026,2026,4,16,384,
Heavy morning ladders,"18 Apr 2026, 09:41","18 Apr 2026, 10:05",,Mace 10-2,,,0,normal,8,10,,,,#REF!,18/04/2026,2026,4,16,80,
Heavy morning ladders,"18 Apr 2026, 09:41","18 Apr 2026, 10:05",,Mace 10-2,,,1,normal,10,10,,,,#REF!,18/04/2026,2026,4,16,100,
Heavy morning ladders,"18 Apr 2026, 09:41","18 Apr 2026, 10:05",,Mace 10-2,,,2,normal,12,50,,,,#REF!,18/04/2026,2026,4,16,600,
Heavy morning ladders,"18 Apr 2026, 09:41","18 Apr 2026, 10:05",,Mace 10-2,,,3,normal,16,26,,,,#REF!,18/04/2026,2026,4,16,416,
Heavy morning ladders,"18 Apr 2026, 09:41","18 Apr 2026, 10:05",,Mace 10-2 1H,,,0,normal,8,40,,,,#REF!,18/04/2026,2026,4,16,320,
Heavy morning ladders,"18 Apr 2026, 09:41","18 Apr 2026, 10:05",,Mace 10-2 1H,,,1,normal,10,50,,,,#REF!,18/04/2026,2026,4,16,500,
Speed skips and sunshine,"19 Apr 2026, 10:24","19 Apr 2026, 11:24",,Mace 10-2,,,0,normal,8,60,,,,#REF!,19/04/2026,2026,4,17,480,
Speed skips and sunshine,"19 Apr 2026, 10:24","19 Apr 2026, 11:24",,Mace 10-2,,,1,normal,12,60,,,,#REF!,19/04/2026,2026,4,17,720,
Speed skips and sunshine,"19 Apr 2026, 10:24","19 Apr 2026, 11:24",,Mace 10-2,,,2,normal,12,60,,,,#REF!,19/04/2026,2026,4,17,720,
Ascent,"20 Apr 2026, 14:29","20 Apr 2026, 15:31",,Mace 10-2,,3 min rounds 90 secs rest only!,0,normal,10,121,,,,#REF!,20/04/2026,2026,4,17,1210,
Ascent,"20 Apr 2026, 14:29","20 Apr 2026, 15:31",,Mace 10-2,,3 min rounds 90 secs rest only!,1,normal,10,120,,,,#REF!,20/04/2026,2026,4,17,1200,
Ascent,"20 Apr 2026, 14:29","20 Apr 2026, 15:31",,Mace 10-2,,3 min rounds 90 secs rest only!,2,normal,10,118,,,,#REF!,20/04/2026,2026,4,17,1180,
Ascent,"20 Apr 2026, 14:29","20 Apr 2026, 15:31",,Mace 10-2,,3 min rounds 90 secs rest only!,3,normal,10,116,,,,#REF!,20/04/2026,2026,4,17,1160,
The Will,"21 Apr 2026, 13:54","21 Apr 2026, 14:54",,Mace 10-2 1H,,Descending ladders run as 2 sets. 10/8/6\nSet 1 - 7 mins\nRest - 7 mins\nSet 2 - 6:50,0,normal,10,40,,,,#REF!,21/04/2026,2026,4,17,400,
The Will,"21 Apr 2026, 13:54","21 Apr 2026, 14:54",,Mace 10-2 1H,,Descending ladders run as 2 sets. 10/8/6\nSet 1 - 7 mins\nRest - 7 mins\nSet 2 - 6:50,1,normal,8,80,,,,#REF!,21/04/2026,2026,4,17,640,
The Will,"21 Apr 2026, 13:54","21 Apr 2026, 14:54",,Mace 10-2 1H,,Descending ladders run as 2 sets. 10/8/6\nSet 1 - 7 mins\nRest - 7 mins\nSet 2 - 6:50,2,normal,6,120,,,,#REF!,21/04/2026,2026,4,17,720,
The Will,"21 Apr 2026, 13:54","21 Apr 2026, 14:54",,Mace 10-2 1H,,Descending ladders run as 2 sets. 10/8/6\nSet 1 - 7 mins\nRest - 7 mins\nSet 2 - 6:50,3,normal,10,40,,,,#REF!,21/04/2026,2026,4,17,400,
The Will,"21 Apr 2026, 13:54","21 Apr 2026, 14:54",,Mace 10-2 1H,,Descending ladders run as 2 sets. 10/8/6\nSet 1 - 7 mins\nRest - 7 mins\nSet 2 - 6:50,4,normal,8,80,,,,#REF!,21/04/2026,2026,4,17,640,
The Will,"21 Apr 2026, 13:54","21 Apr 2026, 14:54",,Mace 10-2 1H,,Descending ladders run as 2 sets. 10/8/6\nSet 1 - 7 mins\nRest - 7 mins\nSet 2 - 6:50,5,normal,6,1209,,,,#REF!,21/04/2026,2026,4,17,7254,
Tired sets,"23 Apr 2026, 18:29","23 Apr 2026, 19:10",,Mace 10-2,,,0,normal,16,12,,,,#REF!,23/04/2026,2026,4,17,192,
Tired sets,"23 Apr 2026, 18:29","23 Apr 2026, 19:10",,Mace 10-2,,,1,normal,16,12,,,,#REF!,23/04/2026,2026,4,17,192,
Tired sets,"23 Apr 2026, 18:29","23 Apr 2026, 19:10",,Mace 10-2,,,2,normal,16,27,,,,#REF!,23/04/2026,2026,4,17,432,
Tired sets,"23 Apr 2026, 18:29","23 Apr 2026, 19:10",,Mace 10-2,,,3,normal,16,23,,,,#REF!,23/04/2026,2026,4,17,368,
Tired sets,"23 Apr 2026, 18:29","23 Apr 2026, 19:10",,Mace 10-2,,,4,normal,16,15,,,,#REF!,23/04/2026,2026,4,17,240,
Tired sets,"23 Apr 2026, 18:29","23 Apr 2026, 19:10",,Mace 10-2,,,5,normal,6,50,,,,#REF!,23/04/2026,2026,4,17,300,
Tired sets,"23 Apr 2026, 18:29","23 Apr 2026, 19:10",,Mace 10-2 1H,,,0,normal,6,50,,,,#REF!,23/04/2026,2026,4,17,300,
Viking Warrior Conditioning,"24 Apr 2026, 10:01","24 Apr 2026, 10:33",52 sets,Kettlebell Snatch,,,0,normal,8,7,,,,#REF!,24/04/2026,2026,4,17,56,
Viking Warrior Conditioning,"24 Apr 2026, 10:01","24 Apr 2026, 10:33",52 sets,Kettlebell Snatch,,,1,normal,8,7,,,,#REF!,24/04/2026,2026,4,17,56,
Viking Warrior Conditioning,"24 Apr 2026, 10:01","24 Apr 2026, 10:33",52 sets,Kettlebell Snatch,,,2,normal,8,7,,,,#REF!,24/04/2026,2026,4,17,56,
Viking Warrior Conditioning,"24 Apr 2026, 10:01","24 Apr 2026, 10:33",52 sets,Kettlebell Snatch,,,3,normal,8,7,,,,#REF!,24/04/2026,2026,4,17,56,
Viking Warrior Conditioning,"24 Apr 2026, 10:01","24 Apr 2026, 10:33",52 sets,Kettlebell Snatch,,,4,normal,8,7,,,,#REF!,24/04/2026,2026,4,17,56,
Viking Warrior Conditioning,"24 Apr 2026, 10:01","24 Apr 2026, 10:33",52 sets,Kettlebell Snatch,,,5,normal,8,7,,,,#REF!,24/04/2026,2026,4,17,56,
Viking Warrior Conditioning,"24 Apr 2026, 10:01","24 Apr 2026, 10:33",52 sets,Kettlebell Snatch,,,6,normal,8,7,,,,#REF!,24/04/2026,2026,4,17,56,
Viking Warrior Conditioning,"24 Apr 2026, 10:01","24 Apr 2026, 10:33",52 sets,Kettlebell Snatch,,,7,normal,8,7,,,,#REF!,24/04/2026,2026,4,17,56,
Viking Warrior Conditioning,"24 Apr 2026, 10:01","24 Apr 2026, 10:33",52 sets,Kettlebell Snatch,,,8,normal,8,7,,,,#REF!,24/04/2026,2026,4,17,56,
Viking Warrior Conditioning,"24 Apr 2026, 10:01","24 Apr 2026, 10:33",52 sets,Kettlebell Snatch,,,9,normal,8,7,,,,#REF!,24/04/2026,2026,4,17,56,
Viking Warrior Conditioning,"24 Apr 2026, 10:01","24 Apr 2026, 10:33",52 sets,Kettlebell Snatch,,,10,normal,8,7,,,,#REF!,24/04/2026,2026,4,17,56,
Viking Warrior Conditioning,"24 Apr 2026, 10:01","24 Apr 2026, 10:33",52 sets,Kettlebell Snatch,,,11,normal,8,7,,,,#REF!,24/04/2026,2026,4,17,56,
Viking Warrior Conditioning,"24 Apr 2026, 10:01","24 Apr 2026, 10:33",52 sets,Kettlebell Snatch,,,12,normal,8,7,,,,#REF!,24/04/2026,2026,4,17,56,
Viking Warrior Conditioning,"24 Apr 2026, 10:01","24 Apr 2026, 10:33",52 sets,Kettlebell Snatch,,,13,normal,8,7,,,,#REF!,24/04/2026,2026,4,17,56,
Viking Warrior Conditioning,"24 Apr 2026, 10:01","24 Apr 2026, 10:33",52 sets,Kettlebell Snatch,,,14,normal,8,7,,,,#REF!,24/04/2026,2026,4,17,56,
Viking Warrior Conditioning,"24 Apr 2026, 10:01","24 Apr 2026, 10:33",52 sets,Kettlebell Snatch,,,15,normal,8,7,,,,#REF!,24/04/2026,2026,4,17,56,
Viking Warrior Conditioning,"24 Apr 2026, 10:01","24 Apr 2026, 10:33",52 sets,Kettlebell Snatch,,,16,normal,8,7,,,,#REF!,24/04/2026,2026,4,17,56,
Viking Warrior Conditioning,"24 Apr 2026, 10:01","24 Apr 2026, 10:33",52 sets,Kettlebell Snatch,,,17,normal,8,7,,,,#REF!,24/04/2026,2026,4,17,56,
Viking Warrior Conditioning,"24 Apr 2026, 10:01","24 Apr 2026, 10:33",52 sets,Kettlebell Snatch,,,18,normal,8,7,,,,#REF!,24/04/2026,2026,4,17,56,
Viking Warrior Conditioning,"24 Apr 2026, 10:01","24 Apr 2026, 10:33",52 sets,Kettlebell Snatch,,,19,normal,8,7,,,,#REF!,24/04/2026,2026,4,17,56,
Viking Warrior Conditioning,"24 Apr 2026, 10:01","24 Apr 2026, 10:33",52 sets,Kettlebell Snatch,,,20,normal,8,7,,,,#REF!,24/04/2026,2026,4,17,56,
Viking Warrior Conditioning,"24 Apr 2026, 10:01","24 Apr 2026, 10:33",52 sets,Kettlebell Snatch,,,21,normal,8,7,,,,#REF!,24/04/2026,2026,4,17,56,
Viking Warrior Conditioning,"24 Apr 2026, 10:01","24 Apr 2026, 10:33",52 sets,Kettlebell Snatch,,,22,normal,8,7,,,,#REF!,24/04/2026,2026,4,17,56,
Viking Warrior Conditioning,"24 Apr 2026, 10:01","24 Apr 2026, 10:33",52 sets,Kettlebell Snatch,,,23,normal,8,7,,,,#REF!,24/04/2026,2026,4,17,56,
Viking Warrior Conditioning,"24 Apr 2026, 10:01","24 Apr 2026, 10:33",52 sets,Kettlebell Snatch,,,24,normal,8,7,,,,#REF!,24/04/2026,2026,4,17,56,
Viking Warrior Conditioning,"24 Apr 2026, 10:01","24 Apr 2026, 10:33",52 sets,Kettlebell Snatch,,,25,normal,8,7,,,,#REF!,24/04/2026,2026,4,17,56,
Viking Warrior Conditioning,"24 Apr 2026, 10:01","24 Apr 2026, 10:33",52 sets,Kettlebell Snatch,,,26,normal,8,7,,,,#REF!,24/04/2026,2026,4,17,56,
Viking Warrior Conditioning,"24 Apr 2026, 10:01","24 Apr 2026, 10:33",52 sets,Kettlebell Snatch,,,27,normal,8,7,,,,#REF!,24/04/2026,2026,4,17,56,
Viking Warrior Conditioning,"24 Apr 2026, 10:01","24 Apr 2026, 10:33",52 sets,Kettlebell Snatch,,,28,normal,8,7,,,,#REF!,24/04/2026,2026,4,17,56,
Viking Warrior Conditioning,"24 Apr 2026, 10:01","24 Apr 2026, 10:33",52 sets,Kettlebell Snatch,,,29,normal,8,7,,,,#REF!,24/04/2026,2026,4,17,56,
Viking Warrior Conditioning,"24 Apr 2026, 10:01","24 Apr 2026, 10:33",52 sets,Kettlebell Snatch,,,30,normal,8,7,,,,#REF!,24/04/2026,2026,4,17,56,
Viking Warrior Conditioning,"24 Apr 2026, 10:01","24 Apr 2026, 10:33",52 sets,Kettlebell Snatch,,,31,normal,8,7,,,,#REF!,24/04/2026,2026,4,17,56,
Viking Warrior Conditioning,"24 Apr 2026, 10:01","24 Apr 2026, 10:33",52 sets,Kettlebell Snatch,,,32,normal,8,7,,,,#REF!,24/04/2026,2026,4,17,56,
Viking Warrior Conditioning,"24 Apr 2026, 10:01","24 Apr 2026, 10:33",52 sets,Kettlebell Snatch,,,33,normal,8,7,,,,#REF!,24/04/2026,2026,4,17,56,
Viking Warrior Conditioning,"24 Apr 2026, 10:01","24 Apr 2026, 10:33",52 sets,Kettlebell Snatch,,,34,normal,8,7,,,,#REF!,24/04/2026,2026,4,17,56,
Viking Warrior Conditioning,"24 Apr 2026, 10:01","24 Apr 2026, 10:33",52 sets,Kettlebell Snatch,,,35,normal,8,7,,,,#REF!,24/04/2026,2026,4,17,56,
Viking Warrior Conditioning,"24 Apr 2026, 10:01","24 Apr 2026, 10:33",52 sets,Kettlebell Snatch,,,36,normal,8,7,,,,#REF!,24/04/2026,2026,4,17,56,
Viking Warrior Conditioning,"24 Apr 2026, 10:01","24 Apr 2026, 10:33",52 sets,Kettlebell Snatch,,,37,normal,8,7,,,,#REF!,24/04/2026,2026,4,17,56,
Viking Warrior Conditioning,"24 Apr 2026, 10:01","24 Apr 2026, 10:33",52 sets,Kettlebell Snatch,,,38,normal,8,7,,,,#REF!,24/04/2026,2026,4,17,56,
Viking Warrior Conditioning,"24 Apr 2026, 10:01","24 Apr 2026, 10:33",52 sets,Kettlebell Snatch,,,39,normal,8,7,,,,#REF!,24/04/2026,2026,4,17,56,
Viking Warrior Conditioning,"24 Apr 2026, 10:01","24 Apr 2026, 10:33",52 sets,Kettlebell Snatch,,,40,normal,8,7,,,,#REF!,24/04/2026,2026,4,17,56,
Viking Warrior Conditioning,"24 Apr 2026, 10:01","24 Apr 2026, 10:33",52 sets,Kettlebell Snatch,,,41,normal,8,7,,,,#REF!,24/04/2026,2026,4,17,56,
Viking Warrior Conditioning,"24 Apr 2026, 10:01","24 Apr 2026, 10:33",52 sets,Kettlebell Snatch,,,42,normal,8,7,,,,#REF!,24/04/2026,2026,4,17,56,
Viking Warrior Conditioning,"24 Apr 2026, 10:01","24 Apr 2026, 10:33",52 sets,Kettlebell Snatch,,,43,normal,8,7,,,,#REF!,24/04/2026,2026,4,17,56,
Viking Warrior Conditioning,"24 Apr 2026, 10:01","24 Apr 2026, 10:33",52 sets,Kettlebell Snatch,,,44,normal,8,7,,,,#REF!,24/04/2026,2026,4,17,56,
Viking Warrior Conditioning,"24 Apr 2026, 10:01","24 Apr 2026, 10:33",52 sets,Kettlebell Snatch,,,45,normal,8,7,,,,#REF!,24/04/2026,2026,4,17,56,
Viking Warrior Conditioning,"24 Apr 2026, 10:01","24 Apr 2026, 10:33",52 sets,Kettlebell Snatch,,,46,normal,8,7,,,,#REF!,24/04/2026,2026,4,17,56,
Viking Warrior Conditioning,"24 Apr 2026, 10:01","24 Apr 2026, 10:33",52 sets,Kettlebell Snatch,,,47,normal,8,7,,,,#REF!,24/04/2026,2026,4,17,56,
Viking Warrior Conditioning,"24 Apr 2026, 10:01","24 Apr 2026, 10:33",52 sets,Kettlebell Snatch,,,48,normal,8,7,,,,#REF!,24/04/2026,2026,4,17,56,
Viking Warrior Conditioning,"24 Apr 2026, 10:01","24 Apr 2026, 10:33",52 sets,Kettlebell Snatch,,,49,normal,8,7,,,,#REF!,24/04/2026,2026,4,17,56,
Viking Warrior Conditioning,"24 Apr 2026, 10:01","24 Apr 2026, 10:33",52 sets,Kettlebell Snatch,,,50,normal,8,7,,,,#REF!,24/04/2026,2026,4,17,56,
Viking Warrior Conditioning,"24 Apr 2026, 10:01","24 Apr 2026, 10:33",52 sets,Kettlebell Snatch,,,51,normal,8,7,,,,#REF!,24/04/2026,2026,4,17,56,
Mace accreditation at Valhalla,"25 Apr 2026, 12:00","25 Apr 2026, 15:42",,Mace 10-2,,,0,normal,5,200,,,,#REF!,25/04/2026,2026,4,17,1000,
Mace accreditation at Valhalla,"25 Apr 2026, 12:00","25 Apr 2026, 15:42",,Mace 10-2,,,1,normal,16,50,,,,#REF!,25/04/2026,2026,4,17,800,
Mace accreditation at Valhalla,"25 Apr 2026, 12:00","25 Apr 2026, 15:42",,Mace 10-2,,,2,normal,8,100,,,,#REF!,25/04/2026,2026,4,17,800,
Mace accreditation at Valhalla,"25 Apr 2026, 12:00","25 Apr 2026, 15:42",,Mace 360 1H,,,0,normal,5,100,,,,#REF!,25/04/2026,2026,4,17,500,
Mace accreditation at Valhalla,"25 Apr 2026, 12:00","25 Apr 2026, 15:42",,Mace 360 1H,,,1,normal,5,100,,,,#REF!,25/04/2026,2026,4,17,500,
Mace accreditation at Valhalla,"25 Apr 2026, 12:00","25 Apr 2026, 15:42",,Mace Swing - 360,,,0,normal,5,200,,,,#REF!,25/04/2026,2026,4,17,1000,
Ascent,"28 Apr 2026, 19:58","28 Apr 2026, 20:41",,Mace 10-2,,4 min rounds 120 secs rest only!,0,normal,10,162,,,,#REF!,28/04/2026,2026,4,18,1620,
Ascent,"28 Apr 2026, 19:58","28 Apr 2026, 20:41",,Mace 10-2,,4 min rounds 120 secs rest only!,1,normal,10,160,,,,#REF!,28/04/2026,2026,4,18,1600,
Ascent,"28 Apr 2026, 19:58","28 Apr 2026, 20:41",,Mace 10-2,,4 min rounds 120 secs rest only!,2,normal,10,160,,,,#REF!,28/04/2026,2026,4,18,1600,
Ascent,"28 Apr 2026, 19:58","28 Apr 2026, 20:41",,Mace 10-2,,4 min rounds 120 secs rest only!,3,normal,10,162,,,,#REF!,28/04/2026,2026,4,18,1620,
The Will,"30 Apr 2026, 13:09","30 Apr 2026, 14:28",,Mace 10-2 1H,,10/8/6 is a set then 10 mins rest before repeat 7:14 7:05,0,normal,10,40,,,,#REF!,30/04/2026,2026,4,18,400,
The Will,"30 Apr 2026, 13:09","30 Apr 2026, 14:28",,Mace 10-2 1H,,10/8/6 is a set then 10 mins rest before repeat 7:14 7:05,1,normal,8,80,,,,#REF!,30/04/2026,2026,4,18,640,
The Will,"30 Apr 2026, 13:09","30 Apr 2026, 14:28",,Mace 10-2 1H,,10/8/6 is a set then 10 mins rest before repeat 7:14 7:05,2,normal,6,120,,,,#REF!,30/04/2026,2026,4,18,720,
The Will,"30 Apr 2026, 13:09","30 Apr 2026, 14:28",,Mace 10-2 1H,,10/8/6 is a set then 10 mins rest before repeat 7:14 7:05,3,normal,10,40,,,,#REF!,30/04/2026,2026,4,18,400,
The Will,"30 Apr 2026, 13:09","30 Apr 2026, 14:28",,Mace 10-2 1H,,10/8/6 is a set then 10 mins rest before repeat 7:14 7:05,4,normal,8,80,,,,#REF!,30/04/2026,2026,4,18,640,
The Will,"30 Apr 2026, 13:09","30 Apr 2026, 14:28",,Mace 10-2 1H,,10/8/6 is a set then 10 mins rest before repeat 7:14 7:05,5,normal,6,120,,,,#REF!,30/04/2026,2026,4,18,720,
The Will,"30 Apr 2026, 13:09","30 Apr 2026, 14:28",,Mace 10-2 1H,,10/8/6 is a set then 10 mins rest before repeat 7:14 7:05,6,normal,6,40,,,,#REF!,30/04/2026,2026,4,18,240,
Emilio - The Push,"1 May 2026, 18:45","1 May 2026, 19:07",Two tired. Abandoned after 500 reps.,Mace Swing - 360,,,0,normal,8,100,,,,#REF!,01/05/2026,2026,5,18,800,
Emilio - The Push,"1 May 2026, 18:45","1 May 2026, 19:07",Two tired. Abandoned after 500 reps.,Mace 10-2 1H,,,0,normal,6,400,,,,#REF!,01/05/2026,2026,5,18,2400,
Emilio - The Rest,"2 May 2026, 10:39","2 May 2026, 11:09",,Mace 10-2 1H,,,0,normal,6,80,,,,#REF!,02/05/2026,2026,5,18,480,
Emilio - The Rest,"2 May 2026, 10:39","2 May 2026, 11:09",,Mace 10-2 1H,,,1,normal,6,80,,,,#REF!,02/05/2026,2026,5,18,480,
Bay City,"5 May 2026, 13:04","5 May 2026, 13:54",2 mins rest between comp sets is NOT enough,Mace 10-2,,,0,normal,10,200,,,,#REF!,05/05/2026,2026,5,19,2000,
Bay City,"5 May 2026, 13:04","5 May 2026, 13:54",2 mins rest between comp sets is NOT enough,Mace 10-2,,,1,normal,10,195,,,,#REF!,05/05/2026,2026,5,19,1950,
Bay City,"5 May 2026, 13:04","5 May 2026, 13:54",2 mins rest between comp sets is NOT enough,Mace 10-2,,,2,normal,10,179,,,,#REF!,05/05/2026,2026,5,19,1790,
Emilio - The Will,"7 May 2026, 17:30","7 May 2026, 18:33",,Mace 10-2 1H,,,0,normal,6,50,,,,#REF!,07/05/2026,2026,5,19,300,
Emilio - The Will,"7 May 2026, 17:30","7 May 2026, 18:33",,Mace 10-2 1H,,,1,normal,8,40,,,,#REF!,07/05/2026,2026,5,19,320,
Emilio - The Will,"7 May 2026, 17:30","7 May 2026, 18:33",,Mace 10-2 1H,,,2,normal,10,40,,,,#REF!,07/05/2026,2026,5,19,400,
Emilio - The Will,"7 May 2026, 17:30","7 May 2026, 18:33",,Mace 10-2 1H,,This round took 8mins. 20 mins rest before the next run.,0,normal,12,60,,,,#REF!,07/05/2026,2026,5,19,720,
Emilio - The Will,"7 May 2026, 17:30","7 May 2026, 18:33",,Mace 10-2 1H,,This round took 8mins. 20 mins rest before the next run.,1,normal,10,100,,,,#REF!,07/05/2026,2026,5,19,1000,
Emilio - The Will,"7 May 2026, 17:30","7 May 2026, 18:33",,Mace 10-2 1H,,This round took 8mins. 20 mins rest before the next run.,2,normal,8,100,,,,#REF!,07/05/2026,2026,5,19,800,
Emilio - The Will,"7 May 2026, 17:30","7 May 2026, 18:33",,Mace 10-2 1H,,7mins 49s,0,normal,12,60,,,,#REF!,07/05/2026,2026,5,19,720,
Emilio - The Will,"7 May 2026, 17:30","7 May 2026, 18:33",,Mace 10-2 1H,,7mins 49s,1,normal,10,100,,,,#REF!,07/05/2026,2026,5,19,1000,
Emilio - The Will,"7 May 2026, 17:30","7 May 2026, 18:33",,Mace 10-2 1H,,7mins 49s,2,normal,8,100,,,,#REF!,07/05/2026,2026,5,19,800,
Swords in the wood,"8 May 2026, 11:30","8 May 2026, 11:46",,Mace 10-2 1H,,,0,normal,8,100,,,,#REF!,08/05/2026,2026,5,19,800,
Swords in the wood,"8 May 2026, 11:30","8 May 2026, 11:46",,Mace 10-2,,,0,normal,8,100,,,,#REF!,08/05/2026,2026,5,19,800,
Swords in the wood,"8 May 2026, 11:30","8 May 2026, 11:46",,Mace Swing - 360,,,0,normal,8,100,,,,#REF!,08/05/2026,2026,5,19,800,
Swords in the wood,"8 May 2026, 11:30","8 May 2026, 11:46",,Mace Swing - 360,,,1,normal,8,100,,,,#REF!,08/05/2026,2026,5,19,800,
Swords in the wood,"8 May 2026, 11:30","8 May 2026, 11:46",,Mace Swing - 360,,,2,normal,8,100,,,,#REF!,08/05/2026,2026,5,19,800,
Deload week,"12 May 2026, 12:56","12 May 2026, 13:49",,Mace 10-2 1H,,,0,normal,8,295,,,,#REF!,12/05/2026,2026,5,20,2360,
Deload week,"12 May 2026, 12:56","12 May 2026, 13:49",,Mace 10-2 1H,,,1,normal,8,297,,,,#REF!,12/05/2026,2026,5,20,2376,
Deload week,"12 May 2026, 12:56","12 May 2026, 13:49",,Mace 10-2 1H,,,2,normal,10,300,,,,#REF!,12/05/2026,2026,5,20,3000,
Emilio - The Will,"14 May 2026, 13:35","14 May 2026, 14:01",Still in deload week. Might add some more swings in later.,Mace 10-2 1H,,,0,normal,6,100,,,,#REF!,14/05/2026,2026,5,20,600,
Emilio - The Will,"14 May 2026, 13:35","14 May 2026, 14:01",Still in deload week. Might add some more swings in later.,Mace 10-2 1H,,,1,normal,8,50,,,,#REF!,14/05/2026,2026,5,20,400,
Emilio - The Will,"14 May 2026, 13:35","14 May 2026, 14:01",Still in deload week. Might add some more swings in later.,Mace 10-2,,,0,normal,8,100,,,,#REF!,14/05/2026,2026,5,20,800,
Emilio - The Will,"14 May 2026, 13:35","14 May 2026, 14:01",Still in deload week. Might add some more swings in later.,Mace 10-2,,,1,normal,10,100,,,,#REF!,14/05/2026,2026,5,20,1000,
Viking Warrior Conditioning,"15 May 2026, 13:36","15 May 2026, 14:09",60 set max,Kettlebell Snatch,,,0,normal,8,7,,,,#REF!,15/05/2026,2026,5,20,56,
Viking Warrior Conditioning,"15 May 2026, 13:36","15 May 2026, 14:09",60 set max,Kettlebell Snatch,,,1,normal,8,7,,,,#REF!,15/05/2026,2026,5,20,56,
Viking Warrior Conditioning,"15 May 2026, 13:36","15 May 2026, 14:09",60 set max,Kettlebell Snatch,,,2,normal,8,7,,,,#REF!,15/05/2026,2026,5,20,56,
Viking Warrior Conditioning,"15 May 2026, 13:36","15 May 2026, 14:09",60 set max,Kettlebell Snatch,,,3,normal,8,7,,,,#REF!,15/05/2026,2026,5,20,56,
Viking Warrior Conditioning,"15 May 2026, 13:36","15 May 2026, 14:09",60 set max,Kettlebell Snatch,,,4,normal,8,7,,,,#REF!,15/05/2026,2026,5,20,56,
Viking Warrior Conditioning,"15 May 2026, 13:36","15 May 2026, 14:09",60 set max,Kettlebell Snatch,,,5,normal,8,7,,,,#REF!,15/05/2026,2026,5,20,56,
Viking Warrior Conditioning,"15 May 2026, 13:36","15 May 2026, 14:09",60 set max,Kettlebell Snatch,,,6,normal,8,7,,,,#REF!,15/05/2026,2026,5,20,56,
Viking Warrior Conditioning,"15 May 2026, 13:36","15 May 2026, 14:09",60 set max,Kettlebell Snatch,,,7,normal,8,7,,,,#REF!,15/05/2026,2026,5,20,56,
Viking Warrior Conditioning,"15 May 2026, 13:36","15 May 2026, 14:09",60 set max,Kettlebell Snatch,,,8,normal,8,7,,,,#REF!,15/05/2026,2026,5,20,56,
Viking Warrior Conditioning,"15 May 2026, 13:36","15 May 2026, 14:09",60 set max,Kettlebell Snatch,,,9,normal,8,7,,,,#REF!,15/05/2026,2026,5,20,56,
Viking Warrior Conditioning,"15 May 2026, 13:36","15 May 2026, 14:09",60 set max,Kettlebell Snatch,,,10,normal,8,7,,,,#REF!,15/05/2026,2026,5,20,56,
Viking Warrior Conditioning,"15 May 2026, 13:36","15 May 2026, 14:09",60 set max,Kettlebell Snatch,,,11,normal,8,7,,,,#REF!,15/05/2026,2026,5,20,56,
Viking Warrior Conditioning,"15 May 2026, 13:36","15 May 2026, 14:09",60 set max,Kettlebell Snatch,,,12,normal,8,7,,,,#REF!,15/05/2026,2026,5,20,56,
Viking Warrior Conditioning,"15 May 2026, 13:36","15 May 2026, 14:09",60 set max,Kettlebell Snatch,,,13,normal,8,7,,,,#REF!,15/05/2026,2026,5,20,56,
Viking Warrior Conditioning,"15 May 2026, 13:36","15 May 2026, 14:09",60 set max,Kettlebell Snatch,,,14,normal,8,7,,,,#REF!,15/05/2026,2026,5,20,56,
Viking Warrior Conditioning,"15 May 2026, 13:36","15 May 2026, 14:09",60 set max,Kettlebell Snatch,,,15,normal,8,7,,,,#REF!,15/05/2026,2026,5,20,56,
Viking Warrior Conditioning,"15 May 2026, 13:36","15 May 2026, 14:09",60 set max,Kettlebell Snatch,,,16,normal,8,7,,,,#REF!,15/05/2026,2026,5,20,56,
Viking Warrior Conditioning,"15 May 2026, 13:36","15 May 2026, 14:09",60 set max,Kettlebell Snatch,,,17,normal,8,7,,,,#REF!,15/05/2026,2026,5,20,56,
Viking Warrior Conditioning,"15 May 2026, 13:36","15 May 2026, 14:09",60 set max,Kettlebell Snatch,,,18,normal,8,7,,,,#REF!,15/05/2026,2026,5,20,56,
Viking Warrior Conditioning,"15 May 2026, 13:36","15 May 2026, 14:09",60 set max,Kettlebell Snatch,,,19,normal,8,7,,,,#REF!,15/05/2026,2026,5,20,56,
Viking Warrior Conditioning,"15 May 2026, 13:36","15 May 2026, 14:09",60 set max,Kettlebell Snatch,,,20,normal,8,7,,,,#REF!,15/05/2026,2026,5,20,56,
Viking Warrior Conditioning,"15 May 2026, 13:36","15 May 2026, 14:09",60 set max,Kettlebell Snatch,,,21,normal,8,7,,,,#REF!,15/05/2026,2026,5,20,56,
Viking Warrior Conditioning,"15 May 2026, 13:36","15 May 2026, 14:09",60 set max,Kettlebell Snatch,,,22,normal,8,7,,,,#REF!,15/05/2026,2026,5,20,56,
Viking Warrior Conditioning,"15 May 2026, 13:36","15 May 2026, 14:09",60 set max,Kettlebell Snatch,,,23,normal,8,7,,,,#REF!,15/05/2026,2026,5,20,56,
Viking Warrior Conditioning,"15 May 2026, 13:36","15 May 2026, 14:09",60 set max,Kettlebell Snatch,,,24,normal,8,7,,,,#REF!,15/05/2026,2026,5,20,56,
Viking Warrior Conditioning,"15 May 2026, 13:36","15 May 2026, 14:09",60 set max,Kettlebell Snatch,,,25,normal,8,7,,,,#REF!,15/05/2026,2026,5,20,56,
Viking Warrior Conditioning,"15 May 2026, 13:36","15 May 2026, 14:09",60 set max,Kettlebell Snatch,,,26,normal,8,7,,,,#REF!,15/05/2026,2026,5,20,56,
Viking Warrior Conditioning,"15 May 2026, 13:36","15 May 2026, 14:09",60 set max,Kettlebell Snatch,,,27,normal,8,7,,,,#REF!,15/05/2026,2026,5,20,56,
Viking Warrior Conditioning,"15 May 2026, 13:36","15 May 2026, 14:09",60 set max,Kettlebell Snatch,,,28,normal,8,7,,,,#REF!,15/05/2026,2026,5,20,56,
Viking Warrior Conditioning,"15 May 2026, 13:36","15 May 2026, 14:09",60 set max,Kettlebell Snatch,,,29,normal,8,7,,,,#REF!,15/05/2026,2026,5,20,56,
Viking Warrior Conditioning,"15 May 2026, 13:36","15 May 2026, 14:09",60 set max,Kettlebell Snatch,,,30,normal,8,7,,,,#REF!,15/05/2026,2026,5,20,56,
Viking Warrior Conditioning,"15 May 2026, 13:36","15 May 2026, 14:09",60 set max,Kettlebell Snatch,,,31,normal,8,7,,,,#REF!,15/05/2026,2026,5,20,56,
Viking Warrior Conditioning,"15 May 2026, 13:36","15 May 2026, 14:09",60 set max,Kettlebell Snatch,,,32,normal,8,7,,,,#REF!,15/05/2026,2026,5,20,56,
Viking Warrior Conditioning,"15 May 2026, 13:36","15 May 2026, 14:09",60 set max,Kettlebell Snatch,,,33,normal,8,7,,,,#REF!,15/05/2026,2026,5,20,56,
Viking Warrior Conditioning,"15 May 2026, 13:36","15 May 2026, 14:09",60 set max,Kettlebell Snatch,,,34,normal,8,7,,,,#REF!,15/05/2026,2026,5,20,56,
Viking Warrior Conditioning,"15 May 2026, 13:36","15 May 2026, 14:09",60 set max,Kettlebell Snatch,,,35,normal,8,7,,,,#REF!,15/05/2026,2026,5,20,56,
Viking Warrior Conditioning,"15 May 2026, 13:36","15 May 2026, 14:09",60 set max,Kettlebell Snatch,,,36,normal,8,7,,,,#REF!,15/05/2026,2026,5,20,56,
Viking Warrior Conditioning,"15 May 2026, 13:36","15 May 2026, 14:09",60 set max,Kettlebell Snatch,,,37,normal,8,7,,,,#REF!,15/05/2026,2026,5,20,56,
Viking Warrior Conditioning,"15 May 2026, 13:36","15 May 2026, 14:09",60 set max,Kettlebell Snatch,,,38,normal,8,7,,,,#REF!,15/05/2026,2026,5,20,56,
Viking Warrior Conditioning,"15 May 2026, 13:36","15 May 2026, 14:09",60 set max,Kettlebell Snatch,,,39,normal,8,7,,,,#REF!,15/05/2026,2026,5,20,56,
Viking Warrior Conditioning,"15 May 2026, 13:36","15 May 2026, 14:09",60 set max,Kettlebell Snatch,,,40,normal,8,7,,,,#REF!,15/05/2026,2026,5,20,56,
Viking Warrior Conditioning,"15 May 2026, 13:36","15 May 2026, 14:09",60 set max,Kettlebell Snatch,,,41,normal,8,7,,,,#REF!,15/05/2026,2026,5,20,56,
Viking Warrior Conditioning,"15 May 2026, 13:36","15 May 2026, 14:09",60 set max,Kettlebell Snatch,,,42,normal,8,7,,,,#REF!,15/05/2026,2026,5,20,56,
Viking Warrior Conditioning,"15 May 2026, 13:36","15 May 2026, 14:09",60 set max,Kettlebell Snatch,,,43,normal,8,7,,,,#REF!,15/05/2026,2026,5,20,56,
Viking Warrior Conditioning,"15 May 2026, 13:36","15 May 2026, 14:09",60 set max,Kettlebell Snatch,,,44,normal,8,7,,,,#REF!,15/05/2026,2026,5,20,56,
Viking Warrior Conditioning,"15 May 2026, 13:36","15 May 2026, 14:09",60 set max,Kettlebell Snatch,,,45,normal,8,7,,,,#REF!,15/05/2026,2026,5,20,56,
Viking Warrior Conditioning,"15 May 2026, 13:36","15 May 2026, 14:09",60 set max,Kettlebell Snatch,,,46,normal,8,7,,,,#REF!,15/05/2026,2026,5,20,56,
Viking Warrior Conditioning,"15 May 2026, 13:36","15 May 2026, 14:09",60 set max,Kettlebell Snatch,,,47,normal,8,7,,,,#REF!,15/05/2026,2026,5,20,56,
Viking Warrior Conditioning,"15 May 2026, 13:36","15 May 2026, 14:09",60 set max,Kettlebell Snatch,,,48,normal,8,7,,,,#REF!,15/05/2026,2026,5,20,56,
Viking Warrior Conditioning,"15 May 2026, 13:36","15 May 2026, 14:09",60 set max,Kettlebell Snatch,,,49,normal,8,7,,,,#REF!,15/05/2026,2026,5,20,56,
Viking Warrior Conditioning,"15 May 2026, 13:36","15 May 2026, 14:09",60 set max,Kettlebell Snatch,,,50,normal,8,7,,,,#REF!,15/05/2026,2026,5,20,56,
Viking Warrior Conditioning,"15 May 2026, 13:36","15 May 2026, 14:09",60 set max,Kettlebell Snatch,,,51,normal,8,7,,,,#REF!,15/05/2026,2026,5,20,56,
Viking Warrior Conditioning,"15 May 2026, 13:36","15 May 2026, 14:09",60 set max,Kettlebell Snatch,,,52,normal,8,7,,,,#REF!,15/05/2026,2026,5,20,56,
Viking Warrior Conditioning,"15 May 2026, 13:36","15 May 2026, 14:09",60 set max,Kettlebell Snatch,,,53,normal,8,7,,,,#REF!,15/05/2026,2026,5,20,56,
Viking Warrior Conditioning,"15 May 2026, 13:36","15 May 2026, 14:09",60 set max,Kettlebell Snatch,,,54,normal,8,7,,,,#REF!,15/05/2026,2026,5,20,56,
Viking Warrior Conditioning,"15 May 2026, 13:36","15 May 2026, 14:09",60 set max,Kettlebell Snatch,,,55,normal,8,7,,,,#REF!,15/05/2026,2026,5,20,56,
Viking Warrior Conditioning,"15 May 2026, 13:36","15 May 2026, 14:09",60 set max,Kettlebell Snatch,,,56,normal,8,7,,,,#REF!,15/05/2026,2026,5,20,56,
Viking Warrior Conditioning,"15 May 2026, 13:36","15 May 2026, 14:09",60 set max,Kettlebell Snatch,,,57,normal,8,7,,,,#REF!,15/05/2026,2026,5,20,56,
Viking Warrior Conditioning,"15 May 2026, 13:36","15 May 2026, 14:09",60 set max,Kettlebell Snatch,,,58,normal,8,7,,,,#REF!,15/05/2026,2026,5,20,56,
Viking Warrior Conditioning,"15 May 2026, 13:36","15 May 2026, 14:09",60 set max,Kettlebell Snatch,,,59,normal,8,7,,,,#REF!,15/05/2026,2026,5,20,56,
The Rest,"17 May 2026, 13:31","17 May 2026, 14:26",,Mace Swing - 360,,,0,normal,12,12,,,,#REF!,17/05/2026,2026,5,21,144,
The Rest,"17 May 2026, 13:31","17 May 2026, 14:26",,Mace Swing - 360,,,1,normal,12,12,,,,#REF!,17/05/2026,2026,5,21,144,
The Rest,"17 May 2026, 13:31","17 May 2026, 14:26",,Mace Swing - 360,,,2,normal,12,12,,,,#REF!,17/05/2026,2026,5,21,144,
The Rest,"17 May 2026, 13:31","17 May 2026, 14:26",,Mace Swing - 360,,,3,normal,12,12,,,,#REF!,17/05/2026,2026,5,21,144,
The Rest,"17 May 2026, 13:31","17 May 2026, 14:26",,Mace 10-2 1H,,,0,normal,8,20,,,,#REF!,17/05/2026,2026,5,21,160,
The Rest,"17 May 2026, 13:31","17 May 2026, 14:26",,Mace 10-2 1H,,,1,normal,10,20,,,,#REF!,17/05/2026,2026,5,21,200,
The Rest,"17 May 2026, 13:31","17 May 2026, 14:26",,Mace 10-2 1H,,,2,normal,10,20,,,,#REF!,17/05/2026,2026,5,21,200,
The Rest,"17 May 2026, 13:31","17 May 2026, 14:26",,Mace 10-2 1H,,,3,normal,10,20,,,,#REF!,17/05/2026,2026,5,21,200,
The Start,"18 May 2026, 13:03","18 May 2026, 13:55",,Mace 10-2,,5 min comp pace,0,normal,10,202,,,,#REF!,18/05/2026,2026,5,21,2020,
The Start,"18 May 2026, 13:03","18 May 2026, 13:55",,Mace 10-2,,5 min comp pace,1,normal,8,208,,,,#REF!,18/05/2026,2026,5,21,1664,
Emilio - The Drive,"20 May 2026, 13:02","20 May 2026, 13:32",,Mace 10-2,,,0,normal,12,30,,,,#REF!,20/05/2026,2026,5,21,360,
Emilio - The Drive,"20 May 2026, 13:02","20 May 2026, 13:32",,Mace 10-2,,,1,normal,12,30,,,,#REF!,20/05/2026,2026,5,21,360,
Emilio - The Drive,"20 May 2026, 13:02","20 May 2026, 13:32",,Mace 10-2,,,2,normal,12,30,,,,#REF!,20/05/2026,2026,5,21,360,
Emilio - The Drive,"20 May 2026, 13:02","20 May 2026, 13:32",,Mace 10-2,,,3,normal,12,30,,,,#REF!,20/05/2026,2026,5,21,360,
Comp sets at 35âC,"25 May 2026, 17:20","25 May 2026, 17:45",,Mace 10-2,,5min comp sets,0,normal,12,193,,,,#REF!,25/05/2026,2026,5,22,2316,
Comp sets at 35âC,"25 May 2026, 17:20","25 May 2026, 17:45",,Mace 10-2,,5min comp sets,1,normal,10,195,,,,#REF!,25/05/2026,2026,5,22,1950,
Emilio - The Drive,"27 May 2026, 13:12","27 May 2026, 13:55",,Mace 10-2,,,0,normal,12,30,,,,#REF!,27/05/2026,2026,5,22,360,
Emilio - The Drive,"27 May 2026, 13:12","27 May 2026, 13:55",,Mace 10-2,,,1,normal,12,30,,,,#REF!,27/05/2026,2026,5,22,360,
Emilio - The Drive,"27 May 2026, 13:12","27 May 2026, 13:55",,Mace 10-2,,,2,normal,12,30,,,,#REF!,27/05/2026,2026,5,22,360,
Emilio - The Drive,"27 May 2026, 13:12","27 May 2026, 13:55",,Mace 10-2,,,3,normal,12,30,,,,#REF!,27/05/2026,2026,5,22,360,
Emilio - The Movement,"30 May 2026, 16:20","30 May 2026, 17:39",,Mace 10-2,,,0,normal,10,50,,,,#REF!,30/05/2026,2026,5,22,500,
Emilio - The Movement,"30 May 2026, 16:20","30 May 2026, 17:39",,Mace 10-2,,,1,normal,12,50,,,,#REF!,30/05/2026,2026,5,22,600,
Emilio - The Movement,"30 May 2026, 16:20","30 May 2026, 17:39",,Mace 10-2,,,2,normal,10,50,,,,#REF!,30/05/2026,2026,5,22,500,
Emilio - The Movement,"30 May 2026, 16:20","30 May 2026, 17:39",,Mace 10-2,,,3,normal,12,50,,,,#REF!,30/05/2026,2026,5,22,600,
Emilio - The Movement,"30 May 2026, 16:20","30 May 2026, 17:39",,Mace 10-2,,,4,normal,10,50,,,,#REF!,30/05/2026,2026,5,22,500,
Emilio - The Movement,"30 May 2026, 16:20","30 May 2026, 17:39",,Mace 10-2,,,5,normal,12,50,,,,#REF!,30/05/2026,2026,5,22,600,
Emilio - The Start,"1 Jun 2026, 17:57","1 Jun 2026, 19:04",,Mace 10-2,,3x5min sets then 2x3min sets 5mins rest between\nFirst set i bailed after 4 mins,0,normal,12,142,,,,#REF!,01/06/2026,2026,6,23,1704,
Emilio - The Start,"1 Jun 2026, 17:57","1 Jun 2026, 19:04",,Mace 10-2,,3x5min sets then 2x3min sets 5mins rest between\nFirst set i bailed after 4 mins,1,normal,10,201,,,,#REF!,01/06/2026,2026,6,23,2010,
Emilio - The Start,"1 Jun 2026, 17:57","1 Jun 2026, 19:04",,Mace 10-2,,3x5min sets then 2x3min sets 5mins rest between\nFirst set i bailed after 4 mins,2,normal,10,203,,,,#REF!,01/06/2026,2026,6,23,2030,
Emilio - The Start,"1 Jun 2026, 17:57","1 Jun 2026, 19:04",,Mace 10-2,,3x5min sets then 2x3min sets 5mins rest between\nFirst set i bailed after 4 mins,3,normal,10,120,,,,#REF!,01/06/2026,2026,6,23,1200,
Emilio - The Start,"1 Jun 2026, 17:57","1 Jun 2026, 19:04",,Mace 10-2,,3x5min sets then 2x3min sets 5mins rest between\nFirst set i bailed after 4 mins,4,normal,10,120,,,,#REF!,01/06/2026,2026,6,23,1200,
Emilio - The Drive,"3 Jun 2026, 19:01","3 Jun 2026, 19:58",Super tough. 4 sets of 7 mins @8kg with 4 mins rest between.,Mace 10-2,,,0,normal,8,282,,,,#REF!,03/06/2026,2026,6,23,2256,
Emilio - The Drive,"3 Jun 2026, 19:01","3 Jun 2026, 19:58",Super tough. 4 sets of 7 mins @8kg with 4 mins rest between.,Mace 10-2,,,1,normal,8,280,,,,#REF!,03/06/2026,2026,6,23,2240,
Emilio - The Drive,"3 Jun 2026, 19:01","3 Jun 2026, 19:58",Super tough. 4 sets of 7 mins @8kg with 4 mins rest between.,Mace 10-2,,,2,normal,8,280,,,,#REF!,03/06/2026,2026,6,23,2240,
Emilio - The Drive,"3 Jun 2026, 19:01","3 Jun 2026, 19:58",Super tough. 4 sets of 7 mins @8kg with 4 mins rest between.,Mace 10-2,,,3,normal,8,280,,,,#REF!,03/06/2026,2026,6,23,2240,
Meels,"5 Jun 2026, 12:16","5 Jun 2026, 12:55",,Mace 10-2,,,0,normal,8,100,,,,#REF!,05/06/2026,2026,6,23,800,
Emilio - The Start,"9 Jun 2026, 17:57","9 Jun 2026, 18:48",Comp sets - so tough. Thought I was finished after set 2 but the reduced weight made the 10kg feel like a balloon and I got a record set.,Mace 10-2,,10 mins rest between 1&2 then 5mins rest before last set. Max pace efforts.,0,normal,12,202,,,,#REF!,09/06/2026,2026,6,24,2424,
Emilio - The Start,"9 Jun 2026, 17:57","9 Jun 2026, 18:48",Comp sets - so tough. Thought I was finished after set 2 but the reduced weight made the 10kg feel like a balloon and I got a record set.,Mace 10-2,,10 mins rest between 1&2 then 5mins rest before last set. Max pace efforts.,1,normal,12,155,,,,#REF!,09/06/2026,2026,6,24,1860,
Emilio - The Start,"9 Jun 2026, 17:57","9 Jun 2026, 18:48",Comp sets - so tough. Thought I was finished after set 2 but the reduced weight made the 10kg feel like a balloon and I got a record set.,Mace 10-2,,10 mins rest between 1&2 then 5mins rest before last set. Max pace efforts.,2,normal,10,209,,,,#REF!,09/06/2026,2026,6,24,2090,
Emilio - The Drive,"11 Jun 2026, 08:02","11 Jun 2026, 08:56",Oh no - bailed early. 8 min FAST sets are hard!,Mace 10-2,,8mins on 4.5 mins rest,0,normal,8,336,,,,#REF!,11/06/2026,2026,6,24,2688,
Emilio - The Drive,"11 Jun 2026, 08:02","11 Jun 2026, 08:56",Oh no - bailed early. 8 min FAST sets are hard!,Mace 10-2,,8mins on 4.5 mins rest,1,normal,8,150,,,,#REF!,11/06/2026,2026,6,24,1200,
Viking Warrior Conditioning,"13 Jun 2026, 10:53","13 Jun 2026, 11:39",Finally got all 80 sets,Kettlebell Snatch,,,0,normal,8,7,,,,#REF!,13/06/2026,2026,6,24,56,
Viking Warrior Conditioning,"13 Jun 2026, 10:53","13 Jun 2026, 11:39",Finally got all 80 sets,Kettlebell Snatch,,,1,normal,8,7,,,,#REF!,13/06/2026,2026,6,24,56,
Viking Warrior Conditioning,"13 Jun 2026, 10:53","13 Jun 2026, 11:39",Finally got all 80 sets,Kettlebell Snatch,,,2,normal,8,7,,,,#REF!,13/06/2026,2026,6,24,56,
Viking Warrior Conditioning,"13 Jun 2026, 10:53","13 Jun 2026, 11:39",Finally got all 80 sets,Kettlebell Snatch,,,3,normal,8,7,,,,#REF!,13/06/2026,2026,6,24,56,
Viking Warrior Conditioning,"13 Jun 2026, 10:53","13 Jun 2026, 11:39",Finally got all 80 sets,Kettlebell Snatch,,,4,normal,8,7,,,,#REF!,13/06/2026,2026,6,24,56,
Viking Warrior Conditioning,"13 Jun 2026, 10:53","13 Jun 2026, 11:39",Finally got all 80 sets,Kettlebell Snatch,,,5,normal,8,7,,,,#REF!,13/06/2026,2026,6,24,56,
Viking Warrior Conditioning,"13 Jun 2026, 10:53","13 Jun 2026, 11:39",Finally got all 80 sets,Kettlebell Snatch,,,6,normal,8,7,,,,#REF!,13/06/2026,2026,6,24,56,
Viking Warrior Conditioning,"13 Jun 2026, 10:53","13 Jun 2026, 11:39",Finally got all 80 sets,Kettlebell Snatch,,,7,normal,8,7,,,,#REF!,13/06/2026,2026,6,24,56,
Viking Warrior Conditioning,"13 Jun 2026, 10:53","13 Jun 2026, 11:39",Finally got all 80 sets,Kettlebell Snatch,,,8,normal,8,7,,,,#REF!,13/06/2026,2026,6,24,56,
Viking Warrior Conditioning,"13 Jun 2026, 10:53","13 Jun 2026, 11:39",Finally got all 80 sets,Kettlebell Snatch,,,9,normal,8,7,,,,#REF!,13/06/2026,2026,6,24,56,
Viking Warrior Conditioning,"13 Jun 2026, 10:53","13 Jun 2026, 11:39",Finally got all 80 sets,Kettlebell Snatch,,,10,normal,8,7,,,,#REF!,13/06/2026,2026,6,24,56,
Viking Warrior Conditioning,"13 Jun 2026, 10:53","13 Jun 2026, 11:39",Finally got all 80 sets,Kettlebell Snatch,,,11,normal,8,7,,,,#REF!,13/06/2026,2026,6,24,56,
Viking Warrior Conditioning,"13 Jun 2026, 10:53","13 Jun 2026, 11:39",Finally got all 80 sets,Kettlebell Snatch,,,12,normal,8,7,,,,#REF!,13/06/2026,2026,6,24,56,
Viking Warrior Conditioning,"13 Jun 2026, 10:53","13 Jun 2026, 11:39",Finally got all 80 sets,Kettlebell Snatch,,,13,normal,8,7,,,,#REF!,13/06/2026,2026,6,24,56,
Viking Warrior Conditioning,"13 Jun 2026, 10:53","13 Jun 2026, 11:39",Finally got all 80 sets,Kettlebell Snatch,,,14,normal,8,7,,,,#REF!,13/06/2026,2026,6,24,56,
Viking Warrior Conditioning,"13 Jun 2026, 10:53","13 Jun 2026, 11:39",Finally got all 80 sets,Kettlebell Snatch,,,15,normal,8,7,,,,#REF!,13/06/2026,2026,6,24,56,
Viking Warrior Conditioning,"13 Jun 2026, 10:53","13 Jun 2026, 11:39",Finally got all 80 sets,Kettlebell Snatch,,,16,normal,8,7,,,,#REF!,13/06/2026,2026,6,24,56,
Viking Warrior Conditioning,"13 Jun 2026, 10:53","13 Jun 2026, 11:39",Finally got all 80 sets,Kettlebell Snatch,,,17,normal,8,7,,,,#REF!,13/06/2026,2026,6,24,56,
Viking Warrior Conditioning,"13 Jun 2026, 10:53","13 Jun 2026, 11:39",Finally got all 80 sets,Kettlebell Snatch,,,18,normal,8,7,,,,#REF!,13/06/2026,2026,6,24,56,
Viking Warrior Conditioning,"13 Jun 2026, 10:53","13 Jun 2026, 11:39",Finally got all 80 sets,Kettlebell Snatch,,,19,normal,8,7,,,,#REF!,13/06/2026,2026,6,24,56,
Viking Warrior Conditioning,"13 Jun 2026, 10:53","13 Jun 2026, 11:39",Finally got all 80 sets,Kettlebell Snatch,,,20,normal,8,7,,,,#REF!,13/06/2026,2026,6,24,56,
Viking Warrior Conditioning,"13 Jun 2026, 10:53","13 Jun 2026, 11:39",Finally got all 80 sets,Kettlebell Snatch,,,21,normal,8,7,,,,#REF!,13/06/2026,2026,6,24,56,
Viking Warrior Conditioning,"13 Jun 2026, 10:53","13 Jun 2026, 11:39",Finally got all 80 sets,Kettlebell Snatch,,,22,normal,8,7,,,,#REF!,13/06/2026,2026,6,24,56,
Viking Warrior Conditioning,"13 Jun 2026, 10:53","13 Jun 2026, 11:39",Finally got all 80 sets,Kettlebell Snatch,,,23,normal,8,7,,,,#REF!,13/06/2026,2026,6,24,56,
Viking Warrior Conditioning,"13 Jun 2026, 10:53","13 Jun 2026, 11:39",Finally got all 80 sets,Kettlebell Snatch,,,24,normal,8,7,,,,#REF!,13/06/2026,2026,6,24,56,
Viking Warrior Conditioning,"13 Jun 2026, 10:53","13 Jun 2026, 11:39",Finally got all 80 sets,Kettlebell Snatch,,,25,normal,8,7,,,,#REF!,13/06/2026,2026,6,24,56,
Viking Warrior Conditioning,"13 Jun 2026, 10:53","13 Jun 2026, 11:39",Finally got all 80 sets,Kettlebell Snatch,,,26,normal,8,7,,,,#REF!,13/06/2026,2026,6,24,56,
Viking Warrior Conditioning,"13 Jun 2026, 10:53","13 Jun 2026, 11:39",Finally got all 80 sets,Kettlebell Snatch,,,27,normal,8,7,,,,#REF!,13/06/2026,2026,6,24,56,
Viking Warrior Conditioning,"13 Jun 2026, 10:53","13 Jun 2026, 11:39",Finally got all 80 sets,Kettlebell Snatch,,,28,normal,8,7,,,,#REF!,13/06/2026,2026,6,24,56,
Viking Warrior Conditioning,"13 Jun 2026, 10:53","13 Jun 2026, 11:39",Finally got all 80 sets,Kettlebell Snatch,,,29,normal,8,7,,,,#REF!,13/06/2026,2026,6,24,56,
Viking Warrior Conditioning,"13 Jun 2026, 10:53","13 Jun 2026, 11:39",Finally got all 80 sets,Kettlebell Snatch,,,30,normal,8,7,,,,#REF!,13/06/2026,2026,6,24,56,
Viking Warrior Conditioning,"13 Jun 2026, 10:53","13 Jun 2026, 11:39",Finally got all 80 sets,Kettlebell Snatch,,,31,normal,8,7,,,,#REF!,13/06/2026,2026,6,24,56,
Viking Warrior Conditioning,"13 Jun 2026, 10:53","13 Jun 2026, 11:39",Finally got all 80 sets,Kettlebell Snatch,,,32,normal,8,7,,,,#REF!,13/06/2026,2026,6,24,56,
Viking Warrior Conditioning,"13 Jun 2026, 10:53","13 Jun 2026, 11:39",Finally got all 80 sets,Kettlebell Snatch,,,33,normal,8,7,,,,#REF!,13/06/2026,2026,6,24,56,
Viking Warrior Conditioning,"13 Jun 2026, 10:53","13 Jun 2026, 11:39",Finally got all 80 sets,Kettlebell Snatch,,,34,normal,8,7,,,,#REF!,13/06/2026,2026,6,24,56,
Viking Warrior Conditioning,"13 Jun 2026, 10:53","13 Jun 2026, 11:39",Finally got all 80 sets,Kettlebell Snatch,,,35,normal,8,7,,,,#REF!,13/06/2026,2026,6,24,56,
Viking Warrior Conditioning,"13 Jun 2026, 10:53","13 Jun 2026, 11:39",Finally got all 80 sets,Kettlebell Snatch,,,36,normal,8,7,,,,#REF!,13/06/2026,2026,6,24,56,
Viking Warrior Conditioning,"13 Jun 2026, 10:53","13 Jun 2026, 11:39",Finally got all 80 sets,Kettlebell Snatch,,,37,normal,8,7,,,,#REF!,13/06/2026,2026,6,24,56,
Viking Warrior Conditioning,"13 Jun 2026, 10:53","13 Jun 2026, 11:39",Finally got all 80 sets,Kettlebell Snatch,,,38,normal,8,7,,,,#REF!,13/06/2026,2026,6,24,56,
Viking Warrior Conditioning,"13 Jun 2026, 10:53","13 Jun 2026, 11:39",Finally got all 80 sets,Kettlebell Snatch,,,39,normal,8,7,,,,#REF!,13/06/2026,2026,6,24,56,
Viking Warrior Conditioning,"13 Jun 2026, 10:53","13 Jun 2026, 11:39",Finally got all 80 sets,Kettlebell Snatch,,,40,normal,8,7,,,,#REF!,13/06/2026,2026,6,24,56,
Viking Warrior Conditioning,"13 Jun 2026, 10:53","13 Jun 2026, 11:39",Finally got all 80 sets,Kettlebell Snatch,,,41,normal,8,7,,,,#REF!,13/06/2026,2026,6,24,56,
Viking Warrior Conditioning,"13 Jun 2026, 10:53","13 Jun 2026, 11:39",Finally got all 80 sets,Kettlebell Snatch,,,42,normal,8,7,,,,#REF!,13/06/2026,2026,6,24,56,
Viking Warrior Conditioning,"13 Jun 2026, 10:53","13 Jun 2026, 11:39",Finally got all 80 sets,Kettlebell Snatch,,,43,normal,8,7,,,,#REF!,13/06/2026,2026,6,24,56,
Viking Warrior Conditioning,"13 Jun 2026, 10:53","13 Jun 2026, 11:39",Finally got all 80 sets,Kettlebell Snatch,,,44,normal,8,7,,,,#REF!,13/06/2026,2026,6,24,56,
Viking Warrior Conditioning,"13 Jun 2026, 10:53","13 Jun 2026, 11:39",Finally got all 80 sets,Kettlebell Snatch,,,45,normal,8,7,,,,#REF!,13/06/2026,2026,6,24,56,
Viking Warrior Conditioning,"13 Jun 2026, 10:53","13 Jun 2026, 11:39",Finally got all 80 sets,Kettlebell Snatch,,,46,normal,8,7,,,,#REF!,13/06/2026,2026,6,24,56,
Viking Warrior Conditioning,"13 Jun 2026, 10:53","13 Jun 2026, 11:39",Finally got all 80 sets,Kettlebell Snatch,,,47,normal,8,7,,,,#REF!,13/06/2026,2026,6,24,56,
Viking Warrior Conditioning,"13 Jun 2026, 10:53","13 Jun 2026, 11:39",Finally got all 80 sets,Kettlebell Snatch,,,48,normal,8,7,,,,#REF!,13/06/2026,2026,6,24,56,
Viking Warrior Conditioning,"13 Jun 2026, 10:53","13 Jun 2026, 11:39",Finally got all 80 sets,Kettlebell Snatch,,,49,normal,8,7,,,,#REF!,13/06/2026,2026,6,24,56,
Viking Warrior Conditioning,"13 Jun 2026, 10:53","13 Jun 2026, 11:39",Finally got all 80 sets,Kettlebell Snatch,,,50,normal,8,7,,,,#REF!,13/06/2026,2026,6,24,56,
Viking Warrior Conditioning,"13 Jun 2026, 10:53","13 Jun 2026, 11:39",Finally got all 80 sets,Kettlebell Snatch,,,51,normal,8,7,,,,#REF!,13/06/2026,2026,6,24,56,
Viking Warrior Conditioning,"13 Jun 2026, 10:53","13 Jun 2026, 11:39",Finally got all 80 sets,Kettlebell Snatch,,,52,normal,8,7,,,,#REF!,13/06/2026,2026,6,24,56,
Viking Warrior Conditioning,"13 Jun 2026, 10:53","13 Jun 2026, 11:39",Finally got all 80 sets,Kettlebell Snatch,,,53,normal,8,7,,,,#REF!,13/06/2026,2026,6,24,56,
Viking Warrior Conditioning,"13 Jun 2026, 10:53","13 Jun 2026, 11:39",Finally got all 80 sets,Kettlebell Snatch,,,54,normal,8,7,,,,#REF!,13/06/2026,2026,6,24,56,
Viking Warrior Conditioning,"13 Jun 2026, 10:53","13 Jun 2026, 11:39",Finally got all 80 sets,Kettlebell Snatch,,,55,normal,8,7,,,,#REF!,13/06/2026,2026,6,24,56,
Viking Warrior Conditioning,"13 Jun 2026, 10:53","13 Jun 2026, 11:39",Finally got all 80 sets,Kettlebell Snatch,,,56,normal,8,7,,,,#REF!,13/06/2026,2026,6,24,56,
Viking Warrior Conditioning,"13 Jun 2026, 10:53","13 Jun 2026, 11:39",Finally got all 80 sets,Kettlebell Snatch,,,57,normal,8,7,,,,#REF!,13/06/2026,2026,6,24,56,
Viking Warrior Conditioning,"13 Jun 2026, 10:53","13 Jun 2026, 11:39",Finally got all 80 sets,Kettlebell Snatch,,,58,normal,8,7,,,,#REF!,13/06/2026,2026,6,24,56,
Viking Warrior Conditioning,"13 Jun 2026, 10:53","13 Jun 2026, 11:39",Finally got all 80 sets,Kettlebell Snatch,,,59,normal,8,7,,,,#REF!,13/06/2026,2026,6,24,56,
Viking Warrior Conditioning,"13 Jun 2026, 10:53","13 Jun 2026, 11:39",Finally got all 80 sets,Kettlebell Snatch,,,60,normal,8,7,,,,#REF!,13/06/2026,2026,6,24,56,
Viking Warrior Conditioning,"13 Jun 2026, 10:53","13 Jun 2026, 11:39",Finally got all 80 sets,Kettlebell Snatch,,,61,normal,8,7,,,,#REF!,13/06/2026,2026,6,24,56,
Viking Warrior Conditioning,"13 Jun 2026, 10:53","13 Jun 2026, 11:39",Finally got all 80 sets,Kettlebell Snatch,,,62,normal,8,7,,,,#REF!,13/06/2026,2026,6,24,56,
Viking Warrior Conditioning,"13 Jun 2026, 10:53","13 Jun 2026, 11:39",Finally got all 80 sets,Kettlebell Snatch,,,63,normal,8,7,,,,#REF!,13/06/2026,2026,6,24,56,
Viking Warrior Conditioning,"13 Jun 2026, 10:53","13 Jun 2026, 11:39",Finally got all 80 sets,Kettlebell Snatch,,,64,normal,8,7,,,,#REF!,13/06/2026,2026,6,24,56,
Viking Warrior Conditioning,"13 Jun 2026, 10:53","13 Jun 2026, 11:39",Finally got all 80 sets,Kettlebell Snatch,,,65,normal,8,7,,,,#REF!,13/06/2026,2026,6,24,56,
Viking Warrior Conditioning,"13 Jun 2026, 10:53","13 Jun 2026, 11:39",Finally got all 80 sets,Kettlebell Snatch,,,66,normal,8,7,,,,#REF!,13/06/2026,2026,6,24,56,
Viking Warrior Conditioning,"13 Jun 2026, 10:53","13 Jun 2026, 11:39",Finally got all 80 sets,Kettlebell Snatch,,,67,normal,8,7,,,,#REF!,13/06/2026,2026,6,24,56,
Viking Warrior Conditioning,"13 Jun 2026, 10:53","13 Jun 2026, 11:39",Finally got all 80 sets,Kettlebell Snatch,,,68,normal,8,7,,,,#REF!,13/06/2026,2026,6,24,56,
Viking Warrior Conditioning,"13 Jun 2026, 10:53","13 Jun 2026, 11:39",Finally got all 80 sets,Kettlebell Snatch,,,69,normal,8,7,,,,#REF!,13/06/2026,2026,6,24,56,
Viking Warrior Conditioning,"13 Jun 2026, 10:53","13 Jun 2026, 11:39",Finally got all 80 sets,Kettlebell Snatch,,,70,normal,8,7,,,,#REF!,13/06/2026,2026,6,24,56,
Viking Warrior Conditioning,"13 Jun 2026, 10:53","13 Jun 2026, 11:39",Finally got all 80 sets,Kettlebell Snatch,,,71,normal,8,7,,,,#REF!,13/06/2026,2026,6,24,56,
Viking Warrior Conditioning,"13 Jun 2026, 10:53","13 Jun 2026, 11:39",Finally got all 80 sets,Kettlebell Snatch,,,72,normal,8,7,,,,#REF!,13/06/2026,2026,6,24,56,
Viking Warrior Conditioning,"13 Jun 2026, 10:53","13 Jun 2026, 11:39",Finally got all 80 sets,Kettlebell Snatch,,,73,normal,8,7,,,,#REF!,13/06/2026,2026,6,24,56,
Viking Warrior Conditioning,"13 Jun 2026, 10:53","13 Jun 2026, 11:39",Finally got all 80 sets,Kettlebell Snatch,,,74,normal,8,7,,,,#REF!,13/06/2026,2026,6,24,56,
Viking Warrior Conditioning,"13 Jun 2026, 10:53","13 Jun 2026, 11:39",Finally got all 80 sets,Kettlebell Snatch,,,75,normal,8,7,,,,#REF!,13/06/2026,2026,6,24,56,
Viking Warrior Conditioning,"13 Jun 2026, 10:53","13 Jun 2026, 11:39",Finally got all 80 sets,Kettlebell Snatch,,,76,normal,8,7,,,,#REF!,13/06/2026,2026,6,24,56,
Viking Warrior Conditioning,"13 Jun 2026, 10:53","13 Jun 2026, 11:39",Finally got all 80 sets,Kettlebell Snatch,,,77,normal,8,7,,,,#REF!,13/06/2026,2026,6,24,56,
Viking Warrior Conditioning,"13 Jun 2026, 10:53","13 Jun 2026, 11:39",Finally got all 80 sets,Kettlebell Snatch,,,78,normal,8,7,,,,#REF!,13/06/2026,2026,6,24,56,
Viking Warrior Conditioning,"13 Jun 2026, 10:53","13 Jun 2026, 11:39",Finally got all 80 sets,Kettlebell Snatch,,,79,normal,8,7,,,,#REF!,13/06/2026,2026,6,24,56,
Comp prep session,"15 Jun 2026, 17:50","15 Jun 2026, 18:38",5mins PR setter followed by 5x(3mins work + 3mins rest),Mace 10-2,,,0,normal,6,50,,,,#REF!,15/06/2026,2026,6,25,300,
Comp prep session,"15 Jun 2026, 17:50","15 Jun 2026, 18:38",5mins PR setter followed by 5x(3mins work + 3mins rest),Mace 10-2,,,1,normal,10,214,,,,#REF!,15/06/2026,2026,6,25,2140,
Comp prep session,"15 Jun 2026, 17:50","15 Jun 2026, 18:38",5mins PR setter followed by 5x(3mins work + 3mins rest),Mace 10-2,,,2,normal,10,128,,,,#REF!,15/06/2026,2026,6,25,1280,
Comp prep session,"15 Jun 2026, 17:50","15 Jun 2026, 18:38",5mins PR setter followed by 5x(3mins work + 3mins rest),Mace 10-2,,,3,normal,10,127,,,,#REF!,15/06/2026,2026,6,25,1270,
Comp prep session,"15 Jun 2026, 17:50","15 Jun 2026, 18:38",5mins PR setter followed by 5x(3mins work + 3mins rest),Mace 10-2,,,4,normal,10,127,,,,#REF!,15/06/2026,2026,6,25,1270,
Comp prep session,"15 Jun 2026, 17:50","15 Jun 2026, 18:38",5mins PR setter followed by 5x(3mins work + 3mins rest),Mace 10-2,,,5,normal,10,127,,,,#REF!,15/06/2026,2026,6,25,1270,
Comp prep session,"15 Jun 2026, 17:50","15 Jun 2026, 18:38",5mins PR setter followed by 5x(3mins work + 3mins rest),Mace 10-2,,,6,normal,10,127,,,,#REF!,15/06/2026,2026,6,25,1270,
Emilio - The Drive,"18 Jun 2026, 17:55","18 Jun 2026, 18:52",,Mace 10-2,,8 mins on 6 mins off,0,normal,8,345,,,,#REF!,18/06/2026,2026,6,25,2760,
Emilio - The Drive,"18 Jun 2026, 17:55","18 Jun 2026, 18:52",,Mace 10-2,,8 mins on 6 mins off,1,normal,8,345,,,,#REF!,18/06/2026,2026,6,25,2760,
Emilio - The Drive,"18 Jun 2026, 17:55","18 Jun 2026, 18:52",,Mace 10-2,,8 mins on 6 mins off,2,normal,8,345,,,,#REF!,18/06/2026,2026,6,25,2760,
Emilio - The Drive,"18 Jun 2026, 17:55","18 Jun 2026, 18:52",,Mace 10-2,,8 mins on 6 mins off,3,normal,8,330,,,,#REF!,18/06/2026,2026,6,25,2640,
Snatch 1/1,"21 Jun 2026, 18:09","21 Jun 2026, 18:29",,Kettlebell Snatch,,,0,normal,10,20,,,,#REF!,21/06/2026,2026,6,26,200,
Snatch 1/1,"21 Jun 2026, 18:09","21 Jun 2026, 18:29",,Kettlebell Snatch,,,1,normal,10,19,,,,#REF!,21/06/2026,2026,6,26,190,
Snatch 1/1,"21 Jun 2026, 18:09","21 Jun 2026, 18:29",,Kettlebell Snatch,,,2,normal,10,20,,,,#REF!,21/06/2026,2026,6,26,200,
Snatch 1/1,"21 Jun 2026, 18:09","21 Jun 2026, 18:29",,Kettlebell Snatch,,,3,normal,10,20,,,,#REF!,21/06/2026,2026,6,26,200,
Snatch 1/1,"21 Jun 2026, 18:09","21 Jun 2026, 18:29",,Kettlebell Snatch,,,4,normal,10,20,,,,#REF!,21/06/2026,2026,6,26,200,
Snatch 1/1,"21 Jun 2026, 18:09","21 Jun 2026, 18:29",,Kettlebell Snatch,,,5,normal,10,20,,,,#REF!,21/06/2026,2026,6,26,200,
Snatch 1/1,"21 Jun 2026, 18:09","21 Jun 2026, 18:29",,Kettlebell Snatch,,,6,normal,10,20,,,,#REF!,21/06/2026,2026,6,26,200,
Snatch 1/1,"21 Jun 2026, 18:09","21 Jun 2026, 18:29",,Kettlebell Snatch,,,7,normal,10,20,,,,#REF!,21/06/2026,2026,6,26,200,
Snatch 1/1,"21 Jun 2026, 18:09","21 Jun 2026, 18:29",,Kettlebell Snatch,,,8,normal,10,20,,,,#REF!,21/06/2026,2026,6,26,200,
Snatch 1/1,"21 Jun 2026, 18:09","21 Jun 2026, 18:29",,Kettlebell Snatch,,,9,normal,10,20,,,,#REF!,21/06/2026,2026,6,26,200,
Comp prep session,"23 Jun 2026, 08:04","23 Jun 2026, 09:10",,Mace 10-2,,4 mins on 6 mins off,0,normal,6,50,,,,#REF!,23/06/2026,2026,6,26,300,
Comp prep session,"23 Jun 2026, 08:04","23 Jun 2026, 09:10",,Mace 10-2,,4 mins on 6 mins off,1,normal,10,168,,,,#REF!,23/06/2026,2026,6,26,1680,
Comp prep session,"23 Jun 2026, 08:04","23 Jun 2026, 09:10",,Mace 10-2,,4 mins on 6 mins off,2,normal,10,167,,,,#REF!,23/06/2026,2026,6,26,1670,
Comp prep session,"23 Jun 2026, 08:04","23 Jun 2026, 09:10",,Mace 10-2,,4 mins on 6 mins off,3,normal,10,168,,,,#REF!,23/06/2026,2026,6,26,1680,
Comp prep session,"23 Jun 2026, 08:04","23 Jun 2026, 09:10",,Mace 10-2,,4 mins on 6 mins off,4,normal,10,158,,,,#REF!,23/06/2026,2026,6,26,1580,
Comp prep session,"23 Jun 2026, 08:04","23 Jun 2026, 09:10",,Mace 10-2,,4 mins on 6 mins off,5,normal,10,168,,,,#REF!,23/06/2026,2026,6,26,1680,
3 x 10 mins,"28 Jun 2026, 09:04","28 Jun 2026, 10:17",,Mace 10-2 1H,,,0,normal,6,100,,,,#REF!,28/06/2026,2026,6,27,600,
3 x 10 mins,"28 Jun 2026, 09:04","28 Jun 2026, 10:17",,Mace 10-2,,10 mins on 10 mins off,0,normal,8,427,,,,#REF!,28/06/2026,2026,6,27,3416,
3 x 10 mins,"28 Jun 2026, 09:04","28 Jun 2026, 10:17",,Mace 10-2,,10 mins on 10 mins off,1,normal,8,425,,,,#REF!,28/06/2026,2026,6,27,3400,
3 x 10 mins,"28 Jun 2026, 09:04","28 Jun 2026, 10:17",,Mace 10-2,,10 mins on 10 mins off,2,normal,8,423,,,,#REF!,28/06/2026,2026,6,27,3384,
Comp set PRs,"30 Jun 2026, 18:46","30 Jun 2026, 19:32",3 x 5 min sets - new PR,Mace 10-2 1H,,,0,normal,6,50,,,,#REF!,30/06/2026,2026,6,27,300,
Comp set PRs,"30 Jun 2026, 18:46","30 Jun 2026, 19:32",3 x 5 min sets - new PR,Mace 10-2,,Comp sets 5 mins on 10 mins off,0,normal,6,60,,,,#REF!,30/06/2026,2026,6,27,360,
Comp set PRs,"30 Jun 2026, 18:46","30 Jun 2026, 19:32",3 x 5 min sets - new PR,Mace 10-2,,Comp sets 5 mins on 10 mins off,1,normal,10,221,,,,#REF!,30/06/2026,2026,6,27,2210,
Comp set PRs,"30 Jun 2026, 18:46","30 Jun 2026, 19:32",3 x 5 min sets - new PR,Mace 10-2,,Comp sets 5 mins on 10 mins off,2,normal,10,219,,,,#REF!,30/06/2026,2026,6,27,2190,
Comp set PRs,"30 Jun 2026, 18:46","30 Jun 2026, 19:32",3 x 5 min sets - new PR,Mace 10-2,,Comp sets 5 mins on 10 mins off,3,normal,10,220,,,,#REF!,30/06/2026,2026,6,27,2200,
Sprints,"2 Jul 2026, 08:05","2 Jul 2026, 08:47",10 x 2 min sprints with 2 mins rest,Mace 10-2,,,0,normal,10,93,,,,#REF!,02/07/2026,2026,7,27,930,
Sprints,"2 Jul 2026, 08:05","2 Jul 2026, 08:47",10 x 2 min sprints with 2 mins rest,Mace 10-2,,,1,normal,10,93,,,,#REF!,02/07/2026,2026,7,27,930,
Sprints,"2 Jul 2026, 08:05","2 Jul 2026, 08:47",10 x 2 min sprints with 2 mins rest,Mace 10-2,,,2,normal,10,91,,,,#REF!,02/07/2026,2026,7,27,910,
Sprints,"2 Jul 2026, 08:05","2 Jul 2026, 08:47",10 x 2 min sprints with 2 mins rest,Mace 10-2,,,3,normal,10,89,,,,#REF!,02/07/2026,2026,7,27,890,
Sprints,"2 Jul 2026, 08:05","2 Jul 2026, 08:47",10 x 2 min sprints with 2 mins rest,Mace 10-2,,,4,normal,10,90,,,,#REF!,02/07/2026,2026,7,27,900,
Sprints,"2 Jul 2026, 08:05","2 Jul 2026, 08:47",10 x 2 min sprints with 2 mins rest,Mace 10-2,,,5,normal,10,89,,,,#REF!,02/07/2026,2026,7,27,890,
Sprints,"2 Jul 2026, 08:05","2 Jul 2026, 08:47",10 x 2 min sprints with 2 mins rest,Mace 10-2,,,6,normal,10,88,,,,#REF!,02/07/2026,2026,7,27,880,
Sprints,"2 Jul 2026, 08:05","2 Jul 2026, 08:47",10 x 2 min sprints with 2 mins rest,Mace 10-2,,,7,normal,10,83,,,,#REF!,02/07/2026,2026,7,27,830,
Sprints,"2 Jul 2026, 08:05","2 Jul 2026, 08:47",10 x 2 min sprints with 2 mins rest,Mace 10-2,,,8,normal,10,86,,,,#REF!,02/07/2026,2026,7,27,860,
Sprints,"2 Jul 2026, 08:05","2 Jul 2026, 08:47",10 x 2 min sprints with 2 mins rest,Mace 10-2,,,9,normal,10,87,,,,#REF!,02/07/2026,2026,7,27,870,
Late night workout ð,"5 Jul 2026, 21:45","5 Jul 2026, 22:16",,Kettlebell Snatch,,,0,normal,10,20,,,,#REF!,05/07/2026,2026,7,28,200,
Late night workout ð,"5 Jul 2026, 21:45","5 Jul 2026, 22:16",,Kettlebell Snatch,,,1,normal,10,20,,,,#REF!,05/07/2026,2026,7,28,200,
Late night workout ð,"5 Jul 2026, 21:45","5 Jul 2026, 22:16",,Kettlebell Snatch,,,2,normal,10,20,,,,#REF!,05/07/2026,2026,7,28,200,
Late night workout ð,"5 Jul 2026, 21:45","5 Jul 2026, 22:16",,Kettlebell Snatch,,,3,normal,10,20,,,,#REF!,05/07/2026,2026,7,28,200,
Late night workout ð,"5 Jul 2026, 21:45","5 Jul 2026, 22:16",,Kettlebell Snatch,,,4,normal,10,20,,,,#REF!,05/07/2026,2026,7,28,200,
Late night workout ð,"5 Jul 2026, 21:45","5 Jul 2026, 22:16",,Kettlebell Snatch,,,5,normal,10,20,,,,#REF!,05/07/2026,2026,7,28,200,
Late night workout ð,"5 Jul 2026, 21:45","5 Jul 2026, 22:16",,Kettlebell Snatch,,,6,normal,10,20,,,,#REF!,05/07/2026,2026,7,28,200,
Late night workout ð,"5 Jul 2026, 21:45","5 Jul 2026, 22:16",,Kettlebell Snatch,,,7,normal,10,20,,,,#REF!,05/07/2026,2026,7,28,200,
Late night workout ð,"5 Jul 2026, 21:45","5 Jul 2026, 22:16",,Kettlebell Snatch,,,8,normal,10,20,,,,#REF!,05/07/2026,2026,7,28,200,
Late night workout ð,"5 Jul 2026, 21:45","5 Jul 2026, 22:16",,Kettlebell Snatch,,,9,normal,10,20,,,,#REF!,05/07/2026,2026,7,28,200,
Comp sets,"7 Jul 2026, 07:44","7 Jul 2026, 09:09",,Mace 10-2 1H,,,0,normal,6,50,,,,#REF!,07/07/2026,2026,7,28,300,
Comp sets,"7 Jul 2026, 07:44","7 Jul 2026, 09:09",,Mace 10-2,,Comp sets 5 mins on 10 mins off,0,normal,6,60,,,,#REF!,07/07/2026,2026,7,28,360,
Comp sets,"7 Jul 2026, 07:44","7 Jul 2026, 09:09",,Mace 10-2,,Comp sets 5 mins on 10 mins off,1,normal,10,204,,,,#REF!,07/07/2026,2026,7,28,2040,
Comp sets,"7 Jul 2026, 07:44","7 Jul 2026, 09:09",,Mace 10-2,,Comp sets 5 mins on 10 mins off,2,normal,10,213,,,,#REF!,07/07/2026,2026,7,28,2130,
Comp sets,"7 Jul 2026, 07:44","7 Jul 2026, 09:09",,Mace 10-2,,Comp sets 5 mins on 10 mins off,3,normal,10,209,,,,#REF!,07/07/2026,2026,7,28,2090,
Comp sets,"7 Jul 2026, 07:44","7 Jul 2026, 09:09",,Mace 10-2,,Comp sets 5 mins on 10 mins off,4,normal,10,207,,,,#REF!,07/07/2026,2026,7,28,2070,
Sprints,"9 Jul 2026, 07:56","9 Jul 2026, 08:47",Lost my grip on the 9th set so lost some reps,Mace 10-2,,,0,normal,10,89,,,,#REF!,09/07/2026,2026,7,28,890,
Sprints,"9 Jul 2026, 07:56","9 Jul 2026, 08:47",Lost my grip on the 9th set so lost some reps,Mace 10-2,,,1,normal,10,88,,,,#REF!,09/07/2026,2026,7,28,880,
Sprints,"9 Jul 2026, 07:56","9 Jul 2026, 08:47",Lost my grip on the 9th set so lost some reps,Mace 10-2,,,2,normal,10,88,,,,#REF!,09/07/2026,2026,7,28,880,
Sprints,"9 Jul 2026, 07:56","9 Jul 2026, 08:47",Lost my grip on the 9th set so lost some reps,Mace 10-2,,,3,normal,10,88,,,,#REF!,09/07/2026,2026,7,28,880,
Sprints,"9 Jul 2026, 07:56","9 Jul 2026, 08:47",Lost my grip on the 9th set so lost some reps,Mace 10-2,,,4,normal,10,87,,,,#REF!,09/07/2026,2026,7,28,870,
Sprints,"9 Jul 2026, 07:56","9 Jul 2026, 08:47",Lost my grip on the 9th set so lost some reps,Mace 10-2,,,5,normal,10,88,,,,#REF!,09/07/2026,2026,7,28,880,
Sprints,"9 Jul 2026, 07:56","9 Jul 2026, 08:47",Lost my grip on the 9th set so lost some reps,Mace 10-2,,,6,normal,10,88,,,,#REF!,09/07/2026,2026,7,28,880,
Sprints,"9 Jul 2026, 07:56","9 Jul 2026, 08:47",Lost my grip on the 9th set so lost some reps,Mace 10-2,,,7,normal,10,87,,,,#REF!,09/07/2026,2026,7,28,870,
Sprints,"9 Jul 2026, 07:56","9 Jul 2026, 08:47",Lost my grip on the 9th set so lost some reps,Mace 10-2,,,8,normal,10,70,,,,#REF!,09/07/2026,2026,7,28,700,
Sprints,"9 Jul 2026, 07:56","9 Jul 2026, 08:47",Lost my grip on the 9th set so lost some reps,Mace 10-2,,,9,normal,10,89,,,,#REF!,09/07/2026,2026,7,28,890,
Sprints,"9 Jul 2026, 07:56","9 Jul 2026, 08:47",Lost my grip on the 9th set so lost some reps,Mace 10-2 1H,,,0,normal,6,100,,,,#REF!,09/07/2026,2026,7,28,600,